app_name,metascore,year
Half-Life,96,1998
Disciples II: Gallean's Return,84,2006
Disciples II: Rise of the Elves,80,2006
The Ship: Murder Party,76,2006
Advent Rising,70,2005
DEFCON,84,2006
The Ship: Single Player,0,2006
Garry's Mod,0,2006
RACE - The WTCC Game,0,2006
Zen of Sudoku,0,2006
Gumboy - Crazy Adventures‚Ñ¢,69,2006
Ghost Master¬Æ,81,2003
Vegas: Make It Big‚Ñ¢,0,2006
Dreamfall: The Longest Journey,75,2006
FlatOut 2‚Ñ¢,76,2006
FlatOut,72,2005
Lost Planet‚Ñ¢: Extreme Condition,66,2007
CivCity: Rome,67,2006
Arx Fatalis,77,2002
The Longest Journey,91,2000
Civilization IV¬Æ: Warlords,84,2006
Railroad Tycoon 3,80,2003
Sid Meier's Railroads!,77,2006
Railroad Tycoon II Platinum,89,1998
Tomb Raider: Anniversary,83,2007
Devil May Cry¬Æ 3 Special Edition,66,2006
DOOM II,83,1994
Return to Castle Wolfenstein,88,2001
BloodRayne,65,2003
QUAKE,94,2007
Genesis Rising,57,2007
BioShock‚Ñ¢,96,2007
"Warhammer¬Æ 40,000: Dawn of War¬Æ - Game of the Year Edition",86,2006
"Warhammer¬Æ 40,000: Dawn of War¬Æ - Dark Crusade",87,2006
Rome: Total War‚Ñ¢ - Collection,92,2004
Rome: Total War‚Ñ¢ - Alexander,79,2006
Manhunt,75,2004
Midnight Club 2,81,2003
Max Payne 2: The Fall of Max Payne,86,2003
Tomb Raider: Legend,82,2006
Max Payne,89,2001
Command & Conquer: Red Alert 3,82,2008
PuzzleQuest: Challenge of the Warlords,84,2007
Culpa Innata,66,2007
18 Wheels of Steel: American Long Haul,0,2007
Conflict: Denied Ops,58,2008
ARMA: Combat Operations,74,2007
Tycoon City: New York,67,2006
Desperados 2: Cooper's Revenge,66,2006
Death to Spies,69,2007
Act of War: High Treason,74,2006
RollerCoaster Tycoon¬Æ 3: Platinum,81,2006
Act of War: Direct Action,82,2005
Unreal 2: The Awakening,75,2003
Unreal Gold,0,1998
Ninja Reflex: Steamworks Edition,57,2008
Tom Clancy's Splinter Cell¬Æ,91,2003
Far Cry¬Æ,89,2004
Unreal Tournament: Game of the Year Edition,92,2000
Tom Clancy's Rainbow Six¬Æ Vegas,85,2006
Silent Hunter¬Æ III,90,2005
Rayman Raving Rabbids‚Ñ¢,58,2007
Silent Hunter¬Æ: Wolves of the Pacific,79,2007
IL-2 Sturmovik: 1946,86,2006
Silent Hunter¬Æ: Wolves of the Pacific U-Boat Missions,0,2008
Bone: Out From Boneville,68,2005
Midnight Outlaw: 6 Hours to SunUp,0,2005
Bone: The Great Cow Race,76,2006
Sprint Cars Road to Knoxville,0,2008
Dr. Daisy Pet Vet,0,2008
Ride! Carnival Tycoon,0,2007
Hot Dish,0,2008
Mahjongg Investigations: Under Suspicion,0,2007
Dracula Origin,70,2008
Beijing 2008‚Ñ¢ - The Official Video Game of the Olympic Games,0,2008
Sherlock Holmes - Nemesis,71,2008
Eternity's Child,0,2008
Pacific Storm Allies,60,2007
Tank Universal,0,2008
FlatOut: Ultimate Carnage,79,2008
Oddworld: Abe's Exoddus¬Æ,0,1998
Oddworld: Abe's Oddysee¬Æ,0,1997
GTR Evolution Expansion Pack for RACE 07,83,2008
X-COM: Enforcer,65,2001
X-COM: Apocalypse,0,1997
X-COM: UFO Defense,0,1993
S.T.A.L.K.E.R.: Clear Sky,75,2008
Crysis Warhead¬Æ,84,2008
Crysis,91,2007
X-COM: Interceptor,0,1998
The Witcher: Enhanced Edition Director's Cut,86,2008
Multiwinia,76,2008
STCC - The Game 1 - Expansion Pack for RACE 07,0,2008
Children of the Nile: Alexandria,0,2008
Sid Meier's Civilization IV: Colonization,83,2008
Tom Clancy's Rainbow Six¬Æ 3 Gold,85,2003
LEGO Batman,80,2008
City Life 2008,0,2008
Hinterland,65,2008
Brothers in Arms: Hell's Highway‚Ñ¢,79,2008
Gravitron 2,0,2008
Xpand Rally Xtreme,0,2006
Heroes of Might & Magic V: Hammers of Fate,66,2006
Brothers in Arms: Earned in Blood‚Ñ¢,84,2005
Heroes of Might & Magic V: Tribes of the East,70,2007
The Settlers¬Æ: Rise Of An Empire Gold Edition,66,2008
Brain Spa,0,2007
The Sum of All Fears,72,2002
Peggle‚Ñ¢ Nights,76,2008
World of Goo,90,2008
X3: Terran Conflict,73,2008
Spectraball,0,2008
Galactic Bowling,0,2008
Bully: Scholarship Edition,72,2008
Far Cry¬Æ 2: Fortune's Edition,85,2008
Space Trader: Merchant Marine,0,2008
Saints Row 2,72,2009
Dead Space,86,2008
Rise of the Argonauts,59,2008
Mirror's Edge‚Ñ¢,81,2009
Defense Grid: The Awakening,81,2008
F.E.A.R. 2: Project Origin,79,2009
Harvest: Massive Encounter,0,2008
Larva Mortus,64,2009
Knights of Honor,77,2005
Ceville,73,2009
Watchmen: The End is Nigh,61,2009
Penumbra Overture,73,2007
Unreal Tournament 3 Black,83,2007
Drakensang,75,2009
Age of Booty‚Ñ¢,0,2009
Burnout Paradise: The Ultimate Box,87,2009
The Maw,75,2009
Escape Rosecliff Island,0,2009
Guild Wars Nightfall,84,2006
Guild Wars,89,2005
Guild Wars Factions,84,2006
Puzzle Kingdoms,0,2009
Samantha Swift and the Golden Touch,0,2009
Two Worlds Epic Edition,65,2009
Helldorado,65,2009
X-Blades,54,2009
Zeno Clash,77,2009
King's Bounty: The Legend,79,2008
Death Track¬Æ: Resurrection,53,2009
Freedom Force vs. the Third Reich,0,2005
Freedom Force,90,2002
Light of Altair,66,2009
Prototype‚Ñ¢,79,2009
Port Royale 2,75,2004
Call of Cthulhu¬Æ: Dark Corners of the Earth,76,2006
The Elder Scrolls IV: Oblivion¬Æ Game of the Year Edition,94,2007
The Elder Scrolls III: Morrowind¬Æ Game of the Year Edition,89,2002
The Elder Scrolls IV: Oblivion¬Æ Game of the Year Edition Deluxe,94,2009
Ankh 2: Heart of Osiris,0,2007
BC Kings,0,2008
Call of Juarez¬Æ: Bound in Blood,78,2009
Nancy Drew¬Æ: Legend of the Crystal Skull,79,2007
Nancy Drew¬Æ: The Creature of Kapu Cave,68,2006
Nancy Drew¬Æ: The Phantom of Venice,69,2008
Nancy Drew¬Æ: The White Wolf of Icicle Creek,73,2007
Tales of Monkey Island Complete Pack,79,2009
Street Fighter¬Æ IV,91,2009
Thrillville¬Æ: Off the Rails‚Ñ¢,70,2007
Armed and Dangerous¬Æ,78,2003
"Star Wars: Battlefront 2 (Classic, 2005)",78,2005
LEGO¬Æ Indiana Jones‚Ñ¢: The Original Adventures,78,2008
The Secret of Monkey Island: Special Edition,86,2009
Clutch,51,2009
Nancy Drew¬Æ: Ransom of the Seven Ships,78,2009
3D Ultra‚Ñ¢ Minigolf Adventures,0,2006
TimeShift‚Ñ¢,71,2007
Bionic Commando: Rearmed,86,2008
Bionic Commando,69,2009
Watchmen: The End is Nigh Part 2,44,2009
Osmos,80,2009
Fallout 2: A Post Nuclear Role Playing Game,86,1998
Fallout Tactics: Brotherhood of Steel,82,2001
Sacrifice,89,2000
"Time Gentlemen, Please! and Ben There, Dan That! Special Edition  Double Pack",84,2009
Tom Clancy's Splinter Cell Chaos Theory¬Æ,92,2005
Mini Ninjas,74,2009
Risen,77,2009
Machinarium,85,2009
Medal of Honor: Airborne,78,2007
Need for Speed: Shift,83,2009
Torchlight,83,2009
East India Company: Privateer,63,2009
Painkiller: Resurrection,38,2009
SpellForce 2 - Anniversary Edition,80,2009
Rush for Berlin Gold,76,2009
Men of War: Red Tide,77,2009
SpellForce - Platinum Edition,74,2009
Massive Assault,77,2003
Nancy Drew¬Æ Dossier: Resorting to Danger!,77,2009
Serious Sam HD: The First Encounter,68,2009
Secret Files 2: Puritas Cordis,64,2009
Dragon Age: Origins,91,2009
Call of Duty¬Æ: Modern Warfare¬Æ 2,86,2009
LEGO¬Æ Star Wars‚Ñ¢ - The Complete Saga,77,2009
Overlord‚Ñ¢,81,2007
Command & Conquer 3: Tiberium Wars,85,2007
Command & Conquer 3: Kane's Wrath,77,2009
Gratuitous Space Battles,72,2009
Wings of Prey,78,2009
The Bard's Tale,70,2005
STAR WARS‚Ñ¢ - The Force Unleashed‚Ñ¢ Ultimate Sith Edition,65,2009
Europa Universalis III: Heir to the Throne,86,2009
Fallout 3: Game of the Year Edition,91,2009
Roogoo,72,2009
Devil May Cry 4,78,2008
Avencast: Rise of the Mage,68,2010
UFO: Extraterrestrials Gold,68,2010
LEGO¬Æ Indiana Jones‚Ñ¢ 2: The Adventure Continues,66,2010
Vancouver 2010‚Ñ¢ - The Official Video Game of the Olympic Winter Games,57,2010
Serious Sam Classic: The First Encounter,87,2001
Mount & Blade: Warband,78,2010
Plain Sight,76,2010
Lead and Gold: Gangs of the Wild West,70,2010
Beat Hazard,70,2010
M.U.D. TV,53,2010
The Misadventures of P.B. Winterbottom,79,2010
AquaNox 2: Revelation,59,2003
AquaNox,67,2001
Iron Grip: Warlord,59,2008
Rocket Knight,63,2010
Alpha Protocol‚Ñ¢,72,2010
Alien Breed: Impact,64,2010
Alien Swarm,77,2010
Disciples III - Renaissance Steam Special Edition,56,2010
Tidalis,75,2010
Razor2: Hidden Skies,61,2010
Kane & Lynch 2: Dog Days,66,2010
The Guild II Renaissance,56,2010
Fantasy Wars,67,2010
Mafia II,77,2011
Puzzle Quest 2,83,2010
Burn Zombie Burn!,72,2010
Ship Simulator Extremes,49,2010
Worms Reloaded,79,2010
Making History II: The War of the World,38,2010
Victoria II,75,2010
Cossacks: Back to War,60,2002
VVVVVV,81,2010
Amnesia: The Dark Descent,85,2010
Recettear: An Item Shop's Tale,82,2010
Patrician IV - Steam Special Edition,66,2010
King's Bounty: Crossworlds,78,2010
Sid Meier's Civilization¬Æ V,90,2010
Serious Sam Classic: The Second Encounter,85,2002
Blade Kitten,52,2010
Alien Breed 2: Assault,63,2010
Darksiders‚Ñ¢,83,2010
X: Beyond the Frontier,67,1999
The Kings' Crusade,71,2010
Guild Wars: Eye of the North¬Æ,79,2007
Medal of Honor‚Ñ¢,72,2010
Grotesque Tactics: Evil Heroes,65,2010
Lost Planet¬Æ 2,63,2010
Doc Clock: The Toasted Sandwich of Time,62,2010
Fallout: New Vegas,84,2010
Nimbus,80,2010
DeathSpank,77,2010
Shank,67,2010
The Ball,68,2010
STAR WARS‚Ñ¢: The Force Unleashed‚Ñ¢ II,59,2010
Patrician III,75,2010
Alternativa,63,2010
Call of Duty¬Æ: Black Ops,81,2010
Back to the Future: The Game,74,2010
Grand Theft Auto III,93,2002
Grand Theft Auto: San Andreas,93,2005
Grand Theft Auto: Vice City,94,2003
Zeit¬≤,72,2011
A.R.E.S.: Extinction Agenda,68,2011
APOX,48,2011
Dead Space‚Ñ¢ 2,87,2011
Kaptain Brawe: A Brawe New World,69,2011
Monday Night Combat,82,2011
The Sims‚Ñ¢ 3,86,2009
The Sims‚Ñ¢ 3 World Adventures,81,2009
The Sims‚Ñ¢ 3 Late Night,74,2010
The Sims‚Ñ¢ 3 Ambitions,74,2010
Who's That Flying?!,76,2011
Two Worlds II HD,76,2011
YOU DON‚ÄôT KNOW JACK¬Æ,71,2011
DUNGEONS - Steam Special Edition,65,2011
RISK‚Ñ¢: Factions,77,2011
Homefront,70,2011
Fate of the World,70,2011
RIFT,84,2013
Shadow Harvest: Phantom Ops,34,2011
Anomaly: Warzone Earth,80,2011
Armada 2526,66,2010
Darkest Hour: A Hearts of Iron Game,81,2011
Dino D-Day,53,2011
Patrician IV: Rise of a Dynasty,67,2011
Portal 2,95,2011
Sanctum,70,2011
Frozen Synapse,85,2011
Hunted: The Demon‚Äôs Forge‚Ñ¢,61,2011
Hamilton's Great Adventure,77,2011
The Sims‚Ñ¢ 3 Generations,70,2011
Ghostbusters: Sanctum of Slime Challenge Pack DLC,43,2011
Still Life 2,67,2009
Still Life,75,2005
Dungeon Siege III,72,2011
Duke Nukem Forever,54,2011
Champions Online,72,2009
Magic: The Gathering - Duels of the Planeswalkers 2012,77,2011
Solar 2,72,2011
F.E.A.R. 3,74,2011
Puzzle Agent 2,63,2011
Tobe's Vertical Adventure,75,2011
IL-2 Sturmovik: Cliffs of Dover,60,2011
Runespell: Overture,69,2011
Tropico 4,78,2011
EDGE,74,2011
Space Pirates and Zombies,74,2011
Fallout New Vegas¬Æ: Lonesome Road‚Ñ¢,57,2011
The Baconing,63,2011
"Warhammer 40,000: Space Marine",74,2011
Men of War: Vietnam,68,2011
Hard Reset Extended Edition,73,2012
Rock of Ages,74,2011
Red Orchestra 2: Heroes of Stalingrad with Rising Storm,76,2011
Call of Juarez¬Æ: The Cartel,51,2011
Sengoku,70,2011
Two Worlds II - Pirates of the Flying Fortress,78,2011
Might & Magic: Heroes VI,77,2011
Supreme Commander: Forged Alliance,81,2011
The Binding of Isaac,84,2011
Off-Road Drive,60,2011
Supreme Commander,86,2007
Fate of the World: Tipping Point,70,2011
Sniper: Ghost Warrior - Second Strike,55,2011
Air Conflicts: Secret Wars,65,2011
Dead Rising 2: Off the Record,66,2011
Disciples III - Resurrection,63,2011
The Sims‚Ñ¢ 3 Pets,79,2011
Serious Sam: The Random Encounter,64,2011
Airline Tycoon 2,57,2011
The Haunted: Hells Reach,51,2011
DC Universe‚Ñ¢ Online,72,2011
Saints Row: The Third Initiation Station,84,2011
Sonic Generations Collection,77,2011
L.A. Noire,83,2011
SkyDrift,73,2011
Galactic Civilizations¬Æ II: Ultimate Edition,92,2011
Earth Defense Force: Insect Armageddon,69,2011
X3: Albion Prelude,75,2011
Trine 2: Complete Story,84,2013
Fable - The Lost Chapters,83,2011
Oil Rush,67,2012
King Arthur II: The Role-Playing Wargame,66,2012
Serious Sam 2,74,2005
Star Trek Online,76,2010
Jagged Alliance - Back in Action,62,2012
Pineapple Smash Crew,62,2012
Victoria II: A House Divided,76,2012
PixelJunk‚Ñ¢ Eden,81,2012
Crusader Kings II,82,2012
Alan Wake,83,2012
Postal III,24,2011
Starpoint Gemini,46,2012
Realm of the Mad God,82,2012
Rayman¬Æ Origins,86,2012
Painkiller: Recurring Evil,38,2012
Vessel,81,2012
Stacking,80,2012
Wizorb,81,2012
Defenders of Ardania,58,2012
Cubemen,74,2012
Myst V,80,2012
Ys: The Oath in Felghana,73,2012
Waveform,81,2012
Total War: Shogun 2 - Fall of the Samurai,86,2012
Tropico 4: Modern Times,78,2012
Ridge Racer‚Ñ¢ Unbounded,72,2012
Confrontation,51,2012
Risen 2: Dark Waters,69,2012
Binary Domain,68,2012
Analogue: A Hate Story,62,2012
Toy Soldiers,71,2012
Serious Sam HD: The Second Encounter,76,2010
Resident Evil: Operation Raccoon City,48,2012
Gratuitous Tank Battles,69,2012
Ys Origin,76,2012
Max Payne 3,87,2012
The Lord of the Rings Online‚Ñ¢,86,2012
Splice,70,2012
Krater,52,2012
Vindictus,76,2012
The Dark Eye: Chains of Satinav,75,2012
Tom Clancy's Ghost Recon: Future Soldier‚Ñ¢,71,2012
Quantum Conundrum,77,2012
Tribes: Ascend,86,2012
Divine Divinity,81,2002
MDK2 HD,73,2012
The Book of Unwritten Tales,82,2012
A Virus Named TOM,65,2012
Hero Academy,75,2012
Iron Brigade,75,2012
Counter-Strike: Global Offensive,83,2012
Sleeping Dogs,81,2012
STAR WARS‚Ñ¢ Knights of the Old Republic‚Ñ¢ II - The Sith Lords‚Ñ¢,85,2005
Din's Curse,76,2010
Closure,78,2012
Batman: Arkham City - Game of the Year Edition,91,2012
To the Moon,81,2011
Intrusion 2,80,2012
The Testament of Sherlock Holmes,73,2012
Cortex Command,44,2012
Rocketbirds: Hardboiled Chicken,74,2012
Rocksmith‚Ñ¢,78,2012
Edna & Harvey: Harvey's New Eyes,75,2012
Unity of Command: Stalingrad Campaign,84,2012
Primal Carnage,67,2012
Giana Sisters: Twisted Dreams,77,2012
A Game of Dwarves,60,2012
Hotline Miami,85,2012
Guns of Icarus Online,64,2012
Condemned: Criminal Origins,78,2006
Beyond Divinity,73,2004
POSTAL 2,59,2003
F1 RACE STARS‚Ñ¢,62,2012
Chaos on Deponia,78,2012
Gemini Wars,53,2012
Sine Mora,77,2012
Fly'N,80,2012
Memento Mori,66,2012
Call of Duty¬Æ: Black Ops II,74,2012
Miasmata,76,2012
Stealth Bastard Deluxe,80,2012
GT Legends,84,2005
The Book of Unwritten Tales: The Critter Chronicles,73,2012
Primordia,72,2012
Legacy of Kain: Defiance,70,2003
Legacy of Kain: Soul Reaver 2,77,2001
A New Beginning - Final Cut,72,2012
Fieldrunners 2,73,2013
Strike Suit Zero,66,2013
The Cave,68,2013
Ace Combat Assault Horizon - Enhanced Edition,77,2013
DmC: Devil May Cry,85,2013
Retrovirus,70,2013
Super House of Dead Ninjas,79,2013
A Valley Without Wind 2,68,2013
March of the Eagles,71,2013
Incredipede,74,2013
Trials Evolution: Gold Edition,85,2013
POSTAL,56,1997
Resident Evil 6 / Biohazard 6,69,2013
Anodyne,75,2013
Evoland,61,2013
Lords of Football,52,2013
Sang-Froid - Tales of Werewolves,79,2013
Cubemen 2,68,2013
Papo & Yo,70,2013
Surgeon Simulator,71,2013
God Mode,58,2013
Eador. Masters of the Broken World,74,2013
Mars: War Logs,59,2013
Poker Night 2,75,2013
StarDrive,61,2013
Sanctum 2,77,2013
Reus,75,2013
Bad Bots,49,2013
Resident Evil Revelations / Biohazard Revelations,77,2013
Expansion - Crusader Kings II: The Old Gods,88,2013
Remember Me,65,2013
Prime World: Defenders,58,2013
Borderlands 2: Tiny Tina's Assault on Dragon Keep,87,2013
Company of Heroes 2,80,2013
The Walking Dead: 400 Days,78,2013
DARK,41,2013
TrackMania¬≤ Valley,79,2013
BIT.TRIP FATE,74,2013
The Raven - Legacy of a Master Thief,74,2013
Ittle Dew,67,2013
Shadowrun Returns,76,2013
Citadels,20,2013
CastleStorm,73,2013
Skulls of the Shogun,72,2013
BioShock Infinite: Clash in the Clouds,69,2013
Rise of the Triad,67,2013
Cloudberry Kingdom‚Ñ¢,67,2013
Beatbuddy: Tale of the Guardians,75,2013
Inquisitor,64,2012
Dishonored: The Brigmore Witches,80,2013
DuckTales: Remastered,66,2013
Worms Clan Wars,73,2013
Space Hulk,58,2013
PixelJunk‚Ñ¢ Monsters Ultimate,72,2013
Assault Android Cactus,79,2015
Shelter,69,2013
BeatBlasters III,56,2014
Game Dev Tycoon,68,2013
Guardians of Middle-earth,56,2013
Outlast,80,2013
MirrorMoon EP,73,2013
Rise of Flight: Ace Pack,77,2013
Dragon's Prophet,63,2013
Ironclad Tactics,69,2013
Foul Play,69,2013
Angry Video Game Nerd Adventures,77,2013
Urban Trial Freestyle,58,2013
Scribblenauts Unmasked: A DC Comics Adventure,68,2013
Alien Rage - Unlimited,52,2013
Startopia,86,2001
The Stanley Parable,88,2013
Soundodger+,78,2013
The Wolf Among Us,85,2013
140,80,2013
Anachronox,77,2001
Face Noir,59,2013
Space Rangers HD: A War Apart,68,2013
Goodbye Deponia,80,2013
Deus Ex: Human Revolution - Director's Cut,91,2013
Contagion,62,2013
Blood of the Werewolf,65,2014
Slender: The Arrival,65,2013
Master Reboot,59,2013
Alone in the Dark: The New Nightmare,66,2013
Alone in the Dark,55,2008
Deadly Premonition: The Director's Cut,59,2013
State of Decay,79,2013
King Arthur's Gold,81,2013
Desktop Dungeons,82,2013
Adventure Park,49,2013
Risk of Rain,77,2013
Long Live The Queen,67,2013
Rain Blood Chronicles: Mirage,68,2013
PixelJunk‚Ñ¢ Shooter,73,2013
XCOM: Enemy Within,86,2013
Signal Ops,61,2013
Expansion - Crusader Kings II: Sons of Abraham,77,2013
Ring Runner: Flight of the Sages,75,2013
Montague's Mount,39,2013
Desperados: Wanted Dead or Alive,78,2001
The Last Express Gold Edition,82,1997
Dark Fall 2: Lights Out,66,2004
Dark Fall: The Journal,68,2002
Darkout,55,2013
The Cat Lady,81,2012
Oozi: Earth Adventure,66,2013
Neverwinter,74,2013
Particulars,74,2014
FATE,80,2005
Marc Eck≈ç's Getting Up: Contents Under Pressure,69,2006
Cold War,64,2005
CONSORTIUM,66,2014
Nidhogg,81,2014
Humans Must Answer,55,2014
Insurgency,74,2014
Paper Sorcerer,73,2013
Our Darker Purpose,74,2014
The Castle Doctrine,58,2014
Hostile Waters: Antaeus Rising,80,2001
rymdkapsel,77,2014
Octodad: Dadliest Catch,69,2014
Agarest: Generations of War,45,2014
NaissanceE,66,2014
Eschalon: Book III,67,2014
Ikaruga,84,2014
The Yawhg,66,2013
Castlevania: Lords of Shadow 2,58,2014
Talisman: Digital Edition,51,2014
Windforge,53,2014
Dominique Pamplemousse,62,2014
TowerFall Ascension,87,2014
Constant C,60,2014
Deus Ex: The Fall,45,2014
LUFTRAUSERS,80,2014
BioShock Infinite: Burial at Sea - Episode Two,80,2014
Cloudbuilt,72,2014
Mercenary Kings,76,2014
Black Mirror II,71,2011
Marine Sharpshooter II: Jungle Warfare,52,2004
Perimeter,77,2004
El Matador,54,2006
Actual Sunlight,77,2014
Oknytt,61,2013
Half Minute Hero: The Second Coming,79,2014
Harvester,53,1996
Halo: Spartan Assault,70,2014
Dracula: The Resurrection,67,2014
Konung 2,35,2004
RC Cars,65,2003
Warrior Kings,73,2002
Nostradamus: The Last Prophecy,70,2014
Brigade E5: New Jagged Union,41,2006
Croixleur Sigma,56,2014
Jet Car Stunts,57,2014
Full Bore,72,2014
Croixleur Sigma Demo,56,2014
Warrior Kings: Battles,64,2003
Blade Symphony,72,2014
The Last Tinker‚Ñ¢: City of Colors,72,2014
DreadOut,55,2014
BattleBlock Theater¬Æ,85,2014
Rhiannon: Curse of the Four Branches,67,2008
Qbeh-1: The Atlas Cube,72,2014
Men of War: Assault Squad 2,68,2014
Perimeter: Emperor's Testament,72,2006
Tropico 5,75,2014
Expansion - Europa Universalis IV: Wealth of Nations,84,2014
Anomaly Defenders,70,2014
Where is my Heart?,74,2014
The Fall,76,2014
Richard & Alice,70,2014
Nether: Resurrected,57,2014
Lifeless Planet Premier Edition,59,2014
Munin,68,2014
Enemy Front,52,2014
Xenonauts,77,2014
Black Mirror I,65,2003
MotoGP‚Ñ¢14,76,2014
Company of Heroes 2 - The Western Front Armies,80,2014
Divinity: Original Sin (Classic),87,2014
Warface,62,2014
MouseCraft,72,2014
Expansion - Europa Universalis IV: Res Publica,79,2014
Magic 2015 - Duels of the Planeswalkers,60,2014
Rulers of Nations,63,2014
The Cameron Files: The Secret at Loch Ness,66,2001
Sokobond,82,2014
Freedom Planet,83,2014
Vertical Drop Heroes HD,70,2014
The Room,73,2014
The Legend of Heroes: Trails in the Sky,85,2014
Sacred 3,57,2014
GRID Autosport - Coup√© Style Pack,78,2014
Road Not Taken,75,2014
Orbital Gear,59,2014
Echelon: Wind Warriors,63,2004
Mega Coin Squad,56,2014
Guacamelee! Super Turbo Championship Edition,80,2014
Shadowgate (2014),68,2014
Curse: The Eye of Isis,63,2003
Super Time Force Ultra,80,2014
The Journey Down: Chapter Two,78,2014
Metro: Last Light Redux,76,2014
Lichdom: Battlemage,69,2014
How to Survive,60,2013
GoD Factory: Wingmen,76,2014
Minimum,69,2014
NARUTO SHIPPUDEN: Ultimate Ninja STORM Revolution,61,2014
Endless Legend‚Ñ¢,82,2014
WAKFU,76,2014
Heavy Bullets,72,2014
Battle Of Europe,54,2006
Age of Wonders III - Golden Realms Expansion,82,2014
Wasteland 2: Director's Cut,87,2014
Stronghold Crusader 2,65,2014
DG2: Defense Grid 2,81,2014
Pier Solar and the Great Architects,73,2014
Sherlock Holmes: Crimes and Punishments,77,2014
Middle-earth: Shadow of Mordor - GOTY Edition Upgrade,84,2014
Silence of the Sleep,66,2014
Qora,63,2014
Disney G-Force,61,2009
Styx: Master of Shadows,71,2014
Costume Quest 2,68,2014
Tron 2.0,84,2003
Drifting Lands,71,2017
The Evil Within,68,2014
Ultimate General: Gettysburg,84,2014
F1 2014,61,2014
Screencheat,71,2014
Spacebase DF-9,49,2014
BlazeRush,66,2014
Farming Simulator 15,64,2014
Defenders of Time,55,2014
Crowntakers,70,2014
A Bird Story,66,2014
Toybox Turbos,69,2014
Space Hulk Ascension,72,2014
Chariot,76,2014
Randal's Monday,57,2014
Sneaky Sneaky,63,2014
Company of Heroes 2 - Ardennes Assault,81,2014
Far Cry¬Æ 4,80,2014
The Blue Flamingo,55,2014
Escape Dead Island,52,2014
Letter Quest: Grimm's Journey,73,2014
The Witcher Adventure Game,68,2014
Joe Dever's Lone Wolf HD Remastered,78,2014
JUJU,65,2014
LISA,78,2014
Metrocide,68,2014
Dead Effect,59,2014
METAL GEAR SOLID V: GROUND ZEROES,80,2014
SpeedRunners,84,2016
Disorder,61,2015
Avernum 2: Crystal Souls,78,2015
Tengami,57,2015
TRISTOY,49,2015
Resident Evil / biohazard HD REMASTER,82,2015
Grey Goo,77,2015
Venetica - Gold Edition,61,2009
Ghost Pirates of Vooju Island,66,2015
Pix the Cat,77,2015
Overture,76,2015
Apotheon,78,2015
SUNLESS SEA,81,2015
Hand of Fate,78,2015
Hot Tin Roof: The Cat That Wore A Fedora,66,2015
Oscura: Lost Light,66,2015
Oddworld: New 'n' Tasty,87,2015
Homeworld Remastered Collection,86,2015
Shiftlings,70,2015
White Night,68,2015
ARMED SEVEN,67,2015
Shelter 2,58,2015
Sid Meier's Starships,64,2015
Oceanhorn: Monster of Uncharted Seas,74,2015
Woolfe - The Red Hood Diaries,55,2015
Etherium,62,2015
The Corporate Machine,80,2001
Ironcast,75,2015
ArcheAge,80,2015
The Moment of Silence,70,2005
RIDE,68,2015
A Pixel Story,74,2015
Bloodsports.TV,69,2015
Paperbound,68,2015
15 Days,63,2010
DARK SOULS‚Ñ¢ II: Scholar of the First Sin,79,2015
War for the Overworld,65,2015
Overclocked: A History of Violence,70,2008
Blue Estate The Game,59,2015
Lakeview Cabin Collection,70,2015
Dead Synchronicity: Tomorrow Comes Today,70,2015
Albedo: Eyes from Outer Space,66,2015
The Charnel House Trilogy,68,2015
"Slow Down, Bull",65,2015
Convoy,72,2015
JumpJet Rex,76,2015
Kalimba,81,2015
Crypt of the NecroDancer,87,2015
Fair Strike,56,2004
Dungeons 2,70,2015
TERA,77,2015
Karmaflow: The Rock Opera Videogame - Act I & Act II,47,2015
Vertiginous Golf,63,2014
Inside My Radio,68,2015
Action Henk,74,2015
Windward,61,2015
Galactic Civilizations III,81,2015
NEON STRUCT,62,2015
The Incredible Adventures of Van Helsing III,64,2015
BADLAND: Game of the Year Edition,79,2015
Crimzon Clover WORLD IGNITION - Superplay Strategy Guide,85,2015
Crimzon Clover WORLD IGNITION - Arcade Poster Pack,85,2015
Crimzon Clover WORLD IGNITION - Arranged Sound Track,85,2015
0RBITALIS,73,2015
Homesick,72,2015
MASSIVE CHALICE,73,2015
Hatred,43,2015
You Must Build A Boat,71,2015
Duck Game,82,2015
The Masterplan,68,2015
LEGO¬Æ Jurassic World,72,2015
Rocket League¬Æ,86,2015
F1 2015,61,2015
Chime Sharp,85,2016
Holy Potatoes! A Weapon Shop?!,69,2015
Card Hunter,80,2015
Five Nights at Freddy's 4,51,2015
Cradle,65,2015
Victor Vran ARPG,75,2015
ENKI,43,2015
SAGA,61,2008
Fairy Fencer F,66,2015
INK,68,2015
Shadow Blade: Reload,70,2015
OlliOlli2: Welcome to Olliwood,82,2015
Hacknet,82,2015
Bard's Gold,58,2015
FINAL FANTASY TYPE-0‚Ñ¢ HD,69,2015
ZOMBI,65,2015
Warlocks vs Shadows,68,2015
Viridi,46,2015
Gryphon Knight Epic,55,2015
DiscStorm,58,2015
Hard to Be a God,55,2007
Planet of the Eyes,66,2015
Corpse of Discovery,49,2015
Fran Bow,70,2015
Big Pharma,72,2015
Calvino Noir,55,2015
Red Goddess: Inner World,53,2015
Mad Max,73,2015
NOBUNAGA'S AMBITION: Sphere of Influence,70,2015
METAL GEAR SOLID V: THE PHANTOM PAIN,91,2015
SMITE¬Æ,83,2015
Master Spy,68,2015
Ravenmark: Scourge of Estellion,75,2015
Dropsy,80,2015
Undertale,92,2015
Train Valley,69,2015
Train Simulator,0,2009
I Can't Escape: Darkness,40,2015
STASIS Deluxe Edition Upgrade,79,2015
SOMA,84,2015
Jotun: Valhalla Edition,79,2015
Armikrog,57,2015
Prison Architect,83,2015
Masochisia,68,2015
Downwell,81,2015
Mushroom 11,78,2015
Broforce,83,2015
"Warhammer 40,000: Deathwatch - Enhanced Edition",74,2015
Tales of Zestiria,77,2015
COAST GUARD,47,2015
Kingdom: Classic,74,2015
The Park,67,2015
Divinity: Original Sin - Enhanced Edition,94,2015
Bulb Boy,84,2015
Anno 2205‚Ñ¢,72,2015
Call of Duty¬Æ: Black Ops III,73,2015
The Incredible Adventures of Van Helsing: Final Cut,79,2015
Kero Blaster,82,2015
Life is Feudal: Your Own,63,2015
Mordheim: City of the Damned,74,2015
FIVE: Guardians of David,66,2015
FIM Speedway Grand Prix 15,68,2015
Just Cause‚Ñ¢ 3,74,2015
Valhalla Hills,69,2015
DARIUSBURST Chronicle Saviours,80,2015
GUILTY GEAR Xrd -SIGN-,84,2015
Knee Deep Demo,66,2015
Hatoful Boyfriend: Holiday Star,54,2015
Punch Club,73,2016
The Great Escape,54,2016
Tharsis,61,2016
"That Dragon, Cancer",78,2016
Oxenfree,80,2016
Dragon's Dogma: Dark Arisen,81,2016
Drawn‚Ñ¢: Dark Flight,75,2016
Homeworld: Deserts of Kharak,79,2016
The Witness,87,2016
Spellweaver,63,2016
Downfall,75,2016
Men of Valor,71,2004
The Preposterous Awesomeness of Everything,54,2016
Doors,40,2016
Defragmented,68,2016
ZHEROS,58,2016
Layers of Fear,72,2016
Street Fighter V,74,2016
Californium,64,2016
Prospekt,43,2016
No Pineapple Left Behind,59,2016
Dungelot: Shattered Lands,78,2016
Danganronpa: Trigger Happy Havoc,82,2016
The Flame in the Flood,73,2016
Hitman GO: Definitive Edition,72,2016
Shadwen,53,2016
Disgaea PC / È≠îÁïåÊà¶Ë®ò„Éá„Ç£„Çπ„Ç¨„Ç§„Ç¢ PC,74,2016
SUPERHOT,82,2016
The Count Lucanor,78,2016
The Guest,68,2016
Momodora: Reverie Under The Moonlight,82,2016
Highland Warriors,58,2003
Alekhine's Gun,40,2016
Obscuritas,63,2016
Nelly Cootalot: The Fowl Fleet,81,2016
Zombasite,66,2016
Samorost 3,80,2016
Hyper Light Drifter,84,2016
The Minims,73,2016
Anna's Quest,74,2015
Good Robot,67,2016
DARIUSBURST Chronicle Saviours - Space Harrier,80,2016
DARIUSBURST Chronicle Saviours - Fantasy Zone,80,2016
DARIUSBURST Chronicle Saviours - Galaxy Force II,80,2016
Code of Princess,53,2016
LOUD on Planet X,72,2016
Corpse Party,71,2016
Cornerstone: The Song of Tyrim,58,2016
Wailing Heights,70,2016
Ori and the Blind Forest: Definitive Edition,88,2016
Offworld Trading Company,78,2016
Back in 1995,52,2016
N.E.R.O.: Nothing Ever Remains Obscure,59,2016
Kathy Rain,77,2016
Fragments of Him,69,2016
Battleborn,69,2016
TransOcean 2: Rivals,69,2016
Goliath,57,2016
Homefront¬Æ: The Revolution,54,2016
Salt and Sanctuary,84,2016
Overfall,71,2016
Duskers,83,2016
OmniBus,55,2016
Planar Conquest,53,2016
Turmoil,73,2016
Sherlock Holmes: The Devil's Daughter,65,2016
Trials of the Blood Dragon,54,2016
BLACKHOLE: Challenge Vault,82,2016
WildStar: Captain's Pack,82,2016
WildStar: Cute & Cuddly Pack,82,2016
Furi,76,2016
The Lion's Song: Episode 1 - Silence,78,2016
Fossil Echo,61,2016
VIDEOBALL,82,2016
Muv-Luv,76,2016
EARTH DEFENSE FORCE 4.1 The Shadow of New Despair,79,2016
Ian's Eyes,36,2016
Kelvin and the Infamous Machine,79,2016
DreamBreak,46,2016
Journey to the Center of the Earth,65,2003
8DAYS - PEACE IS OUR BUSINESS,64,2016
Starbound,81,2016
Human: Fall Flat,70,2016
Lovely Planet Arcade,78,2016
Headlander,74,2016
Little King's Story,62,2016
Road to Ballhalla,75,2016
The Silver Case,67,2016
Ray Gigant,55,2016
Reigns,77,2016
Grow Up,71,2016
F1 2016,86,2016
Worms W.M.D,79,2016
Deus Ex: Mankind Divided,83,2016
"Gabriel Knight¬Æ 3: Blood of the Sacred, Blood of the Damned",80,1999
Caesar‚Ñ¢ IV,74,2006
Hue,79,2016
The Turing Test,74,2016
Talent Not Included,73,2016
The Final Station,76,2016
The Warlock of Firetop Mountain,70,2016
Halcyon 6: Starbase Commander,71,2016
The Bunker,57,2016
Wheels of Aurelia,63,2016
Seraph,80,2016
Zenith,57,2016
NBA 2K17,90,2016
Fractured Space,79,2016
Klang,71,2016
Lichtspeer,72,2016
Clustertruck,76,2016
Mantis Burn Racing¬Æ,71,2016
GoNNER,81,2016
Crazy Machines 3,71,2016
Orwell: Keeping an Eye On You,77,2016
Sid Meier‚Äôs Civilization¬Æ VI,88,2016
Farming Simulator 17,69,2016
Slayaway Camp,83,2016
Oh...Sir!! The Insult Simulator,64,2016
The Elder Scrolls V: Skyrim Special Edition,74,2016
Football Manager 2017,80,2016
Beholder,75,2016
Yesterday Origins,74,2016
Silence,75,2016
Candle,80,2016
Don't open the doors!,68,2016
ICEY,84,2016
Killing Floor 2,75,2016
Cities: Skylines - Natural Disasters,80,2016
The Dwarves,61,2016
Steep‚Ñ¢,72,2016
Dungeon Souls,67,2016
Her Majesty's SPIFFING,60,2016
Hearts of Iron IV: Together for Victory,71,2016
Milkmaid of the Milky Way,74,2017
Conquest: Frontier Wars,80,2001
Stars in Shadow,75,2017
SpiritSphere,64,2017
RESIDENT EVIL 7 biohazard / BIOHAZARD 7 resident evil,83,2017
Memoranda,58,2017
Deadly Dozen,56,2001
Aliens Go Home Run,84,2017
Atelier Sophie: The Alchemist of the Mysterious Book,73,2017
Take On Mars,62,2017
FOR HONOR‚Ñ¢,76,2017
BOOR,71,2017
Hidden Folks,78,2017
Night in the Woods,88,2017
Anarchy Online,72,2001
Hollow Knight,86,2017
Downward,77,2017
DESYNC,69,2017
Loot Rascals,71,2017
Dead Rising 4,74,2017
Toukiden 2,73,2017
Monster Slayers,86,2017
Quern - Undying Thoughts (Original Soundtrack),83,2017
Mantis Burn Racing¬Æ - Elite Class,71,2017
Mantis Burn Racing¬Æ - Snowbound Pack,71,2017
Thimbleweed Park‚Ñ¢,84,2017
LEGO City Undercover,80,2017
Slime-san,78,2017
The Sexy Brutale,83,2017
Bayonetta,90,2017
Yooka-Laylee,73,2017
Snow Moto Racing Freedom,50,2017
Cosmic Star Heroine,77,2017
Voodoo Vince: Remastered,63,2017
Marvel's Guardians of the Galaxy: The Telltale Series,78,2017
Full Throttle Remastered,77,2017
Call to Power II,72,2000
Vampire: The Masquerade - Redemption,74,2000
Forts,74,2017
Little Nightmares,81,2017
Beachhead 2000,46,2000
Dawn of Andromeda,70,2017
World to the West,75,2017
Rakuen,84,2017
Empathy: Path of Whispers,57,2017
Bounty Train,66,2017
Bokida - Heartfelt Reunion,75,2017
Mages of Mystralia,74,2017
Portal Knights,72,2017
The Infectious Madness of Doctor Dekker,78,2017
Dynasty Feud,68,2017
Starpoint Gemini Warlords,74,2017
Black Desert Online,73,2017
Danger Zone,64,2017
Rising Storm 2: Vietnam,81,2017
The Long Journey Home,68,2017
Formula Fusion,58,2017
TEKKEN 7,82,2017
Blitzkrieg 3,68,2017
Monolith,83,2017
Pro Cycling Manager 2017,71,2017
Darkest Dungeon¬Æ: The Crimson Court,82,2017
Nex Machina,84,2017
GET EVEN,75,2017
BULLET SOUL / „Éê„É¨„ÉÉ„Éà„ÇΩ„Ç¶„É´ - ÂºæÈ≠Ç - Original Soundtrack,76,2017
Antihero,81,2017
Lode Runner Legacy,76,2017
Serial Cleaner,64,2017
Yonder: The Cloud Catcher Chronicles,70,2017
Dream Daddy: A Dad Dating Simulator,72,2017
Super Cloudbuilt,76,2017
Pyre,82,2017
Solstice Chronicles: MIA,68,2017
BULLET SOUL INFINITE BURST - Original Soundtrack,76,2017
Secret World Legends,76,2017
Aztez,81,2017
Slime Rancher,81,2017
The Legend of Heroes: Trails of Cold Steel,80,2017
The Shrouded Isle,69,2017
Cat Quest,78,2017
Fictorum,64,2017
West of Loathing,86,2017
Sudden Strike 4,70,2017
>observer_,78,2017
Nidhogg 2,80,2017
XCOM 2: War of the Chosen - Propaganda Center,88,2017
XCOM 2: War of the Chosen,88,2017
ARK: Survival Evolved,70,2017
Ys SEVEN,80,2017
Songbringer,67,2017
Fall of Light,69,2017
PRO EVOLUTION SOCCER 2018,81,2017
Oriental Empires,74,2017
Mantis Burn Racing¬Æ - Battle Cars,71,2017
Dishonored¬Æ: Death of the Outsider‚Ñ¢,80,2017
ATOMEGA,65,2017
ECHO,72,2017
Marvel vs. Capcom: Infinite,69,2017
Auto Age: Standoff,59,2017
Heat Signature,79,2017
Figment,77,2017
BLUE REFLECTION / BLUE REFLECTION„ÄÄÂπª„Å´Ëàû„ÅÜÂ∞ëÂ•≥„ÅÆÂâ£,61,2017
RUINER,75,2017
Vaporum,78,2017
JYDGE,81,2017
A Hat in Time,79,2017
Mushroom Wars 2,76,2017
Deadbeat Heroes,66,2017
Star Control: Kessari Quadrant,89,1996
Bomber Crew,75,2017
Hide and Shriek,68,2016
Attentat 1942,75,2017
Sonic Forces,58,2017
Battlerite,85,2017
Reigns: Her Majesty,81,2017
SpellForce 3,74,2017
Gorogoa,83,2017
EMERGENCY 3,58,2005
Bridge Constructor Portal,78,2017
Hidden & Dangerous 2: Courage Under Fire,75,2003
Hidden & Dangerous: Action Pack,74,2000
Army Men RTS,67,2002
Army Men II,67,1999
Raiders of the Broken Planet - Ultimate Edition,54,2017
Purrfect Date - Visual Novel/Dating Simulator,76,2017
Finding Paradise,82,2017
No Escape,63,2017
OKAMI HD / Â§ßÁ•û Áµ∂ÊôØÁâà,93,2017
Hello Neighbor,40,2017
Breakneck,76,2017
Wolfenstein II: The New Colossus,86,2017
Battle Chef Brigade,80,2017
HYAKKI CASTLE,65,2017
World of Warships,81,2017
Syberia 3,51,2017
Football Manager 2018,82,2017
Hand of Fate 2,80,2017
.hack//G.U. Last Recode,69,2017
Zwei: The Ilvard Insurrection,80,2017
Wolfenstein II: The New Colossus,86,2017
Freaky Awesome,54,2017
WWE 2K18,66,2017
Dungeons 3,75,2017
The Evil Within 2,81,2017
Field of Glory II,84,2017
Inmates,46,2017
Ogre,66,2017
EMPYRE: Lords of the Sea Gates,56,2017
Battle Chasers: Nightwar,79,2017
Mutant Football League,75,2017
Microsoft Allegiance,86,2017
Cuphead,88,2017
Total War: WARHAMMER II,86,2017
Hob,77,2017
RAID: World War II,53,2017
Pylon: Rogue,50,2017
Raiders of the Broken Planet - Eternal Soldier Campaign,54,2017
SteamWorld Dig 2,85,2017
The Journey Down: Chapter Three,78,2017
Stellaris: Synthetic Dawn Story Pack,83,2017
Another Lost Phone: Laura's Story,73,2017
CHASER,66,2017
Super Hydorah,82,2017
NBA 2K18,87,2017
Divinity: Original Sin 2,93,2017
Tooth and Tail,80,2017
Tokyo Dark,70,2017
Beat The Game,55,2017
WWII Online,73,2001
Darkestville Castle,68,2017
Last Day of June,75,2017
Battlestar Galactica Deadlock,77,2017
Life is Strange: Before the Storm,79,2017
Absolver,75,2017
Sonic Mania,84,2017
F1‚Ñ¢ 2017,89,2017
The Escapists 2,74,2017
Subsurface Circular,83,2017
Moero Chronicle | ÈôêÁïåÂá∏Ë®ò „É¢„Ç®„É≠„ÇØ„É≠„Éã„ÇØ„É´ | Ê•µÈôêÂá∏Ë®ò„ÄÄËêåËêåÁ∑®Âπ¥Âè≤,64,2017
Halcyon 6: Starbase Commander (LIGHTSPEED EDITION),73,2017
LawBreakers,76,2017
Hellblade: Senua's Sacrifice,83,2017
Tacoma,76,2017
Sundered,74,2017
Immortal Planet,65,2017
Aven Colony,65,2017
Dreamfall Chapters,71,2017
Behold the Kickmen,58,2017
Aporia: Beyond The Valley,71,2017
Gigantic,76,2017
Kingsway,80,2017
Children of Zodiarcs,73,2017
The End Is Nigh,84,2017
Black The Fall,72,2017
Baobabs Mausoleum Ep.1: Ovnifagos Don¬¥t Eat Flamingos,69,2017
No70: Eye of Basir,52,2017
CRYPTARK,80,2017
FINAL FANTASY XIV: Stormblood,87,2017
DiRT 4,78,2017
Randall,48,2017
Conarium,73,2017
Lydia,78,2017
AereA,53,2017
Rezrog,70,2017
Tokyo 42,70,2017
Hover,69,2017
Emily is Away Too,81,2017
RiME,78,2017
Friday the 13th: The Game,61,2017
Vanquish,78,2017
Steel Division: Normandy 44,83,2017
Impact Winter,62,2017
The Fidelio Incident,69,2017
Old Man's Journey,77,2017
Regalia: Of Men and Monarchs,73,2017
The Surge,72,2017
Plasma Puncher,69,2017
OVIVO,71,2017
Block'hood,77,2017
NBA Playgrounds,67,2017
The Legend of Heroes: Trails in the Sky the 3rd,83,2017
Expeditions: Viking,74,2017
Immortal Redneck,70,2017
What Remains of Edith Finch,89,2017
Everything,78,2017
Orcs Must Die! Unchained,87,2017
Flinthook,80,2017
Shiness: The Lightning Kingdom,68,2017
Shogo: Mobile Armor Division,88,1998
Bulletstorm: Full Clip Edition,76,2017
The Franz Kafka Videogame,65,2017
BULLET SOUL / „Éê„É¨„ÉÉ„Éà„ÇΩ„Ç¶„É´ - ÂºæÈ≠Ç -,76,2017
Blackwood Crossing,70,2017
FlatOut 4: Total Insanity,52,2017
The Great Whale Road,61,2017
Miniature Garden,66,2017
Rain World,66,2017
Fallout Shelter,63,2017
Battle Brothers,80,2017
Has-Been Heroes,63,2017
"Mafia III: Faster, Baby!",62,2017
Bush Hockey League,48,2017
Snake Pass,71,2017
Out of the Park Baseball 18,86,2017
The Crow's Eye,65,2017
Kona,73,2017
NieR:Automata‚Ñ¢,84,2017
The Keep,61,2017
Dark Train,76,2016
Future Unfolding,75,2017
Gas Guzzlers: Combat Carnage,58,2012
2Dark,68,2017
Blossom Tales: The Sleeping King,78,2017
Faeria,80,2017
Stories Untold,81,2017
Torment: Tides of Numenera,81,2016
Shadows of Adam,78,2017
Herald: An Interactive Period Drama - Book I & II,77,2017
DYSTORIA,72,2017
üî¥ Circles,76,2017
NeverEnd,44,2017
The Wardrobe,72,2017
We Are Chicago,49,2017
Alone With You,75,2017
Brut@l,66,2017
Leaving Lyndow,74,2017
Bleed 2,83,2017
Arelite Core,59,2017
WWE 2K17,61,2017
Phoning Home,61,2017
Splasher,79,2017
Nights of Azure,64,2017
Youtubers Life,63,2016
Diluvion,66,2017
Alwa's Awakening,71,2017
Elite Warriors: Vietnam,46,2006
Angels with Scaly Wings,67,2017
Disgaea 2 PC / È≠îÁïåÊà¶Ë®ò„Éá„Ç£„Çπ„Ç¨„Ç§„Ç¢2 PC,81,2017
Double Dragon IV,50,2017
Linelight,90,2017
A Normal Lost Phone,71,2017
Nefarious,67,2017
Urban Empire,62,2017
"Warhammer 40,000: Sanctus Reach",68,2017
Tales of Berseria‚Ñ¢,80,2017
Ladykiller in a Bind,73,2016
Nancy Drew¬Æ: The Secret of Shadow Ranch,68,2004
HoPiKo,82,2017
99Vidas,69,2016
Shantae: Half-Genie Hero,76,2016
Stereo Aereo,58,2016
The Little Acre,62,2016
OneShot,81,2016
Nitroplus Blasterz: Heroines Infinite Duel,63,2016
Line of Sight: Vietnam,68,2003
Maize,65,2016
Quern - Undying Thoughts,83,2016
Planet Coaster,84,2016
RollerCoaster Tycoon World‚Ñ¢,43,2016
Super Rad Raygun,64,2016
ENIGMA:,56,2016
Dofus,72,2016
Mekazoo,80,2016
Dishonored 2,86,2016
Ashes of the Singularity: Escalation,81,2016
Motorsport Manager,81,2016
Small Radios Big Televisions,67,2016
Pirate Pop Plus,65,2016
Call of Duty¬Æ: Infinite Warfare,73,2016
Xanadu Next,78,2016
Creepy Castle,82,2016
Franchise Hockey Manager 3,64,2016
Owlboy,88,2016
Rusty Lake: Roots,75,2016
Endless Legend‚Ñ¢ - Tempest,82,2016
Shadow Warrior 2,78,2016
Duke Nukem 3D: 20th Anniversary World Tour,72,2016
Ride 2,67,2016
WRC 6 FIA World Rally Championship,68,2016
Five Nights at Freddy's: Sister Location,62,2016
Mafia III,62,2016
Atlas Reactor,81,2016
Aragami,71,2016
Shu,85,2016
Masquerada: Songs and Shadows,64,2016
Wuppo,78,2016
The Metronomicon: Slay The Dance Floor,79,2016
Hybrid Wars,54,2016
Burly Men at Sea,82,2016
Rogue Wizards,67,2016
Toy Odyssey: The Lost and Found,66,2016
Diaries of a Spaceport Janitor,69,2016
Marooners,70,2016
Event[0],75,2016
Ember,70,2016
STEINS;GATE,87,2016
Project Highrise,73,2016
How to Survive 2,69,2016
Unbox: Newbie's Adventure,68,2016
Mother Russia Bleeds,70,2016
Tadpole Treble,90,2016
The Curious Expedition,74,2016
Seasons after Fall,75,2016
Tahira: Echoes of the Astral Empire,66,2016
RunGunJumpGun,82,2016
Shiny,51,2016
Livelock,73,2016
N++ (NPLUSPLUS),90,2016
Master of Orion,74,2016
Master of Orion 3,64,2003
Virginia,74,2016
Metrico+,66,2016
Duelyst,82,2016
Guards,49,2016
Okhlos: Omega,69,2016
Champions of Anteria‚Ñ¢,67,2016
No Man's Sky,61,2016
Tricky Towers,80,2016
ABZU,83,2016
Near Death,70,2016
Overcooked,81,2016
She Remembered Caterpillars,82,2017
Quadrilateral Cowboy,81,2016
Mainlining,73,2017
MilitAnt,41,2016
Tumblestone,91,2016
Poly Bridge,73,2016
The Real Texas,74,2016
Anarcute,79,2016
Arma 3 Apex,74,2016
Song of the Deep,71,2016
Crush Your Enemies,63,2016
The Darkside Detective,75,2017
Mighty No. 9,52,2016
VA-11 Hall-A: Cyberpunk Bartender Action,77,2016
Space Run Galaxy,75,2016
Pro Cycling Manager 2016,64,2016
Valentino Rossi The Game,72,2016
On Rusty Trails,77,2016
WildStar,82,2014
WildStar: Adventure Pack,82,2016
WildStar: Hero Pack,82,2016
WildStar: Legend Pack (NA),82,2016
SteamWorld Heist,81,2016
Last Days of Old Earth,66,2016
WASTED,68,2016
Hearts of Iron IV,83,2016
Super Duper Party Pooper,40,2016
Hunter's Legacy,58,2016
Hard Reset Redux,73,2016
Dangerous Golf,54,2016
Brigador: Up-Armored Edition,70,2016
SENRAN KAGURA SHINOVI VERSUS,70,2016
TurnOn,67,2016
Chronicle: RuneScape Legends,76,2016
Excubitor,69,2016
Blacksea Odyssey,74,2016
Total War: WARHAMMER,86,2016
Lumo,77,2016
POSTAL Redux,54,2016
Koihime Enbu,68,2016
Sengoku Jidai: Shadow of the Shogun,80,2016
Demetrios - The BIG Cynical Adventure,72,2016
DOOM,85,2016
Ryzom,64,2016
Scrap Garden,58,2016
Dead Effect 2,53,2016
Stellaris,78,2016
Neon Chrome,74,2016
March of the Living,63,2016
Megamagic: Wizards of the Neon Age,67,2016
Don't Starve Together,83,2016
Battlefleet Gothic: Armada,77,2016
Rogue Stormers,68,2016
Stephen's Sausage Roll,90,2016
Battlezone 98 Redux,75,2016
Danganronpa 2: Goodbye Despair,83,2016
HEX: Shards of Fate,87,2016
IS Defense,50,2016
The Banner Saga 2,82,2016
FINAL FANTASY IX,84,2016
Goetia,79,2016
Everybody's Gone to the Rapture,76,2016
Aurion: Legacy of the Kori-Odan,69,2016
DARK SOULS‚Ñ¢ III,89,2016
Stories: The Path of Destinies,74,2016
Mushroom Wars,80,2016
Kill to Collect,57,2016
Enter the Gungeon,84,2016
1979 Revolution: Black Friday,80,2016
Baldur's Gate: Siege of Dragonspear,77,2016
Leap of Fate,80,2016
Epistory - Typing Chronicles,74,2016
Magical Eyes - Red is for Anguish,77,2016
The Last Door: Season 2 - Collector's Edition,85,2016
Slain: Back from Hell,74,2016
The Descendant: Rest of Season,57,2016
The Descendant,59,2016
Day of the Tentacle Remastered,86,2016
Polaris Sector,76,2016
Out of the Park Baseball 17,92,2016
Music Pack - Music for Code EP,85,2016
Moon Hunters,62,2016
WWE 2K16,74,2016
Deathsmiles,78,2016
"Gremlins, Inc.",75,2016
Ares Omega,49,2016
Into the Stars,61,2016
E.T. Armies,54,2016
Stardew Valley,89,2016
Far Cry¬Æ Primal,74,2016
Shardlight,75,2016
Deponia Doomsday,76,2016
Blood Alloy: Reborn,48,2016
Soul Axiom,57,2016
Grim Dawn,83,2016
Heaven's Hope - Special Edition,74,2016
Ninja Senki DX,72,2016
Obliteracers,78,2016
Devil Daggers,83,2016
Cities: Skylines - Snowfall,72,2016
"Codename: Panzers, Phase One",81,2004
"Codename: Panzers, Phase Two",80,2005
ARSLAN: THE WARRIORS OF LEGEND,57,2016
American Truck Simulator,76,2016
Firewatch,81,2016
XCOM¬Æ 2,88,2016
Cobalt,69,2016
Rusty Lake Hotel,65,2016
CALENDULA,67,2016
DarkMaus,83,2016
Nemesis of the Roman Empire,74,2004
The Order of the Thorne - The King's Challenge,71,2016
Crashlands,78,2016
Dinocide,51,2016
Move or Die,80,2016
The Westport Independent,63,2016
Warlords Battlecry III,73,2004
Between Me and The Night,62,2016
Slybots: Frantic Zone,65,2016
Gemini: Heroes Reborn,54,2016
Shooting Stars!,59,2016
The Aquatic Adventure of the Last Human,76,2016
The Bug Butcher,81,2016
The Deadly Tower of Monsters,73,2016
Darkest Dungeon¬Æ,84,2016
Echoes of Aetheria,77,2016
Falcon 4.0,85,1998
Anomaly 1729,49,2015
Pony Island,86,2016
Sora,74,2016
Dragon Saga,65,2010
SimplePlanes,67,2015
Total Annihilation,86,1997
Aviary Attorney,77,2015
UnderRail,72,2015
Swords and Sorcery - Underworld - Definitive Edition,66,2015
Devilian,63,2015
Red Game Without A Great Name,55,2015
Zombie Vikings,74,2015
Nuclear Throne,88,2015
HELLDIVERS‚Ñ¢,83,2015
Lords of the Realm II,77,1996
Lords of the Realm III,65,2004
Don't Starve: Shipwrecked,77,2015
CLANNAD,83,2015
12 is Better Than 6,74,2015
Thea: The Awakening,73,2015
Hard West,73,2015
Assassin's Creed¬Æ Syndicate,74,2015
Mushihimesama,86,2015
Impossible Creatures Steam Edition,72,2003
Fallout 4,84,2015
Mini Metro,77,2015
Clandestine,69,2015
Conflicks - Revolutionary Space Battles,63,2015
PONCHO,62,2015
Fallout: A Post Nuclear Role Playing Game,89,1997
Cibele,71,2015
Albert and Otto,69,2015
GALAK-Z,78,2015
Pathologic Classic HD,76,2015
The Legend of Heroes: Trails in the Sky SC,80,2015
Warhammer: End Times - Vermintide,79,2015
Chaos Reborn,85,2015
System Shock: Enhanced Edition,85,2015
DISTRAINT: Deluxe Edition,76,2015
Pulse,57,2015
The Coma: Cutting Class,69,2015
Ceres,74,2015
Rogue State,66,2015
Human Resource Machine,78,2015
Planetbase,70,2015
The Age of Decadence,81,2015
Animal Gods,50,2015
Bedlam,54,2015
Beyond Sol,83,2015
WRC 5 FIA World Rally Championship,65,2015
Sid Meier's Civilization: Beyond Earth - Rising Tide,79,2015
SKYHILL,63,2015
Ninja Pizza Girl,82,2015
Lost Horizon 2,58,2015
Pixel Galaxy,68,2015
The Escapists: The Walking Dead,66,2015
Grand Ages: Medieval,63,2015
Concrete Jungle,76,2015
A Fistful of Gun,60,2015
Journey To The Center Of The Earth,65,2015
Stairs,65,2015
80 Days,84,2015
Else Heart.Break(),79,2015
Penarium,80,2015
Blood Bowl 2,76,2015
Extreme Exorcism,75,2015
Skyshine's BEDLAM,67,2015
Lovers in a Dangerous Spacetime,80,2015
Cross of the Dutchman,59,2015
"Warhammer 40,000: Regicide",72,2015
Circa Infinity,80,2015
Act of Aggression - Reboot Edition,71,2015
Company of Heroes 2 - The British Forces,80,2015
Lumini,69,2015
Bowl Bound College Football,80,2015
Rampage Knights,80,2015
Zoo Empire,59,2004
Wars and Warriors: Joan of Arc,60,2004
Marine Park Empire,58,2004
Armello,75,2015
STASIS,79,2015
Satellite Reign,75,2015
Grandia¬Æ II Anniversary Edition,80,2015
Mega Man Legacy Collection / „É≠„ÉÉ„ÇØ„Éû„É≥ „ÇØ„É©„Ç∑„ÉÉ„ÇØ„Çπ „Ç≥„É¨„ÇØ„Ç∑„Éß„É≥,85,2015
Nova-111,68,2015
Party Hard,64,2015
Crookz - The Big Heist,74,2015
Shadowrun: Hong Kong - Extended Edition,81,2015
The Flock,36,2015
In Between,68,2015
Volume,80,2015
Beyond Eyes,60,2015
Dream,59,2015
PixelJunk‚Ñ¢ Nom Nom Galaxy,68,2015
Legend of Kay Anniversary,64,2015
The Swindle,70,2015
Galacide,76,2015
Kyn,58,2015
Blues and Bullets,73,2015
Way of the Samurai 4,72,2015
Zenzizenzic,85,2015
The Talos Principle: Road To Gehenna,82,2015
Niko: Through The Dream,74,2015
Guild of Dungeoneering,72,2015
AR-K: The Great Escape,78,2015
Luckslinger,76,2015
Legions of Steel,64,2015
Gunpowder,76,2015
The Magic Circle,79,2015
The Red Solstice,74,2015
Traverser,61,2015
Ground Control Anthology,86,2000
Ground Control II: Operation Exodus,80,2004
RONIN,70,2015
Divide By Sheep,83,2015
Legends of Eisenwald,71,2015
Vector Thrust,57,2015
Lethis - Path of Progress,65,2015
Mighty Switch Force! Hyper Drive Edition,85,2015
Her Story,86,2015
Kholat,64,2015
Frozen Cortex - Ultimate Tier DLC,79,2015
Frozen Cortex - Mega Tier DLC,79,2015
Frozen Cortex - Soundtrack DLC,79,2015
Sylvio,60,2015
Adventures of Pip,72,2015
Star Hammer: The Vanguard Prophecy,69,2015
Rebuild 3: Gangs of Deadsville,75,2015
The Next Penelope,82,2015
Serpent in the Staglands,75,2015
Subject 13,59,2015
Phantom Breaker: Battle Grounds - Original Soundtrack,64,2015
Magicka 2,69,2015
Audiosurf 2,76,2015
Magnetic: Cage Closed,61,2015
MISSING: An Interactive Thriller - Episode One,63,2015
Sunset,66,2015
Interloper,77,2015
NOT A HERO,75,2015
Axiom Verge,80,2015
"Invisible, Inc.",82,2015
LOST ORBIT,72,2015
Toren,57,2015
Lemma,73,2015
Last Word,67,2015
Sym,61,2015
Tony Tough and the Night of Roasted Moths,68,1997
Independence War¬Æ 2: Edge of Chaos,83,2001
Wolfenstein: The Old Blood,76,2015
Black Mesa,86,2015
Space Colony: Steam Edition,74,2015
Block N Load,72,2015
The Weaponographist,58,2015
"Guns, Gore & Cannoli",74,2015
Order of Battle: World War II,81,2015
Chroma Squad,75,2015
Kerbal Space Program,88,2015
Son of Nor,54,2015
Verdun,70,2015
Perils of Man,61,2015
Uncanny Valley,67,2015
MX vs. ATV Unleashed,71,2006
Grand Theft Auto V,96,2015
Mortal Kombat X,76,2015
Age of Wonders III - Eternal Lords Expansion,80,2015
Fire,64,2015
StarDrive 2,70,2015
I am Bread,60,2015
VoidExpanse,59,2015
Titan Souls,74,2015
theHunter: Primal,49,2015
Pillars of Eternity,89,2015
Worlds of Magic,52,2015
Dyscourse,71,2015
Three Fourths Home: Extended Edition,77,2015
Phantom Breaker: Battle Grounds - Kurisu Makise + Level 99 Pack,64,2015
LA Cops,45,2015
Hektor,55,2015
Assassin‚Äôs Creed¬Æ Rogue,74,2015
Cities: Skylines,85,2015
Parallax,68,2015
Mushroom Men: Truffle Trouble,55,2015
Ori and the Blind Forest,88,2015
Tormentum - Dark Sorrow,72,2015
Vietnam ‚Äò65,81,2015
Steel Armor: Blaze of War,70,2015
Zombie Army Trilogy,72,2015
Five Nights at Freddy's 3,68,2015
Pneuma: Breath of Life,63,2015
Oblitus,69,2015
The Deer God,59,2015
BLACKHOLE,82,2015
A Druid's Duel,70,2015
Disney‚Ä¢Pixar Cars,73,2006
There Came an Echo,58,2015
Frozen Cortex,79,2015
The Book of Unwritten Tales 2,80,2015
Decay: The Mare,60,2015
The Escapists,71,2015
Total War: ATTILA,80,2015
Evolve Stage 2,77,2015
Harold,70,2015
Deathtrap,77,2015
Castle In The Darkness,76,2015
Cities XXL,47,2015
Supreme League of Patriots,56,2015
Hyperdimension Neptunia Re;Birth1 / Ë∂ÖÊ¨°Ê¨°ÂÖÉ„Ç≤„Ç§„É† „Éç„Éó„ÉÜ„É•„Éº„ÉåRe;Birth1 / Ë∂ÖÊ¨°Ê¨°ÂÖÉÈÅäÊà≤Êà∞Ê©üÂ∞ëÂ•≥ÈáçÁîü1,72,2015
Zombeer,32,2015
Heroes¬Æ of Might & Magic¬Æ III - HD Edition,65,2015
Gravity Ghost,75,2015
Dying Light,87,2015
Grim Fandango Remastered,84,2015
Roche Fusion,85,2015
Phantom Breaker: Battle Grounds,64,2015
Saints Row: Gat out of Hell,66,2015
Blackguards 2,74,2015
Citizens of Earth,66,2015
"War, the Game",65,2015
Warhammer Quest,55,2015
Warhammer Quest,55,2015
Roundabout,75,2014
The Talos Principle,85,2014
Vertical Drop Heroes HD Demo,70,2014
Redux: Dark Matters,61,2014
Sinking Island,68,2007
LARA CROFT AND THE TEMPLE OF OSIRIS‚Ñ¢,73,2014
Dead State: Reanimated,70,2014
Fight The Dragon,76,2014
The Crew‚Ñ¢,71,2014
Lumino City,70,2014
The Old City: Leviathan,62,2014
Akaneiro: Demon Hunters,53,2014
"Warhammer 40,000: Armageddon",68,2014
Rollers of the Realm,68,2014
Frozen Synapse Prime,83,2014
This War of Mine,83,2014
Lords of Xulima,71,2014
Basketball Pro Management 2015,69,2014
Shadows: Heretic Kingdoms,74,2014
The Marvellous Miss Take,69,2014
FINAL FANTASY XIV Online Free Trial,83,2013
Five Nights at Freddy's 2,62,2014
FOTONICA,71,2014
Icewind Dale: Enhanced Edition,80,2014
The Detail,77,2014
Lords Of The Fallen‚Ñ¢,73,2014
B-17 Flying Fortress: The Mighty 8th,82,2000
Majestic Nights,32,2014
Buzz Aldrin's Space Program Manager,62,2014
Call of Duty¬Æ: Advanced Warfare - Gold Edition,78,2014
Depth,65,2014
Dungeon of the Endless‚Ñ¢,79,2014
Kromaia,68,2014
Sid Meier's Civilization¬Æ: Beyond Earth‚Ñ¢,81,2014
Ziggurat,75,2014
Door Kickers,83,2014
Poltergeist: A Pixelated Horror,70,2014
Wings! Remastered Edition,61,2014
DeadCore,78,2014
Gabriel Knight: Sins of the Fathers 20th Anniversary Edition,74,2014
Expansion - Crusader Kings II: Charlemagne,80,2014
Borderlands: The Pre-Sequel,75,2014
Alien: Isolation,81,2014
Disney‚Ä¢Pixar Toy Story 3: The Video Game,73,2011
TRI: Of Friendship and Madness,74,2014
A Golden Wake,68,2014
Ryse: Son of Rome,61,2014
Split/Second,79,2010
Disney TRON: Evolution,57,2010
Disney Alice in Wonderland,63,2010
Schr√∂dinger‚Äôs Cat And The Raiders Of The Lost Quark,59,2014
Fenix Rage,75,2014
The Vanishing of Ethan Carter - Collector's Edition Upgrade,82,2014
The Vanishing of Ethan Carter,82,2014
Kraven Manor,58,2014
Starpoint Gemini 2,70,2014
Neverending Nightmares,68,2014
Outland,83,2014
Shadow Puppeteer,57,2014
SPACECOM,68,2014
Shadowrun: Dragonfall - Director's Cut,87,2014
J.U.L.I.A.: Among the Stars,71,2014
Battle Academy 2: Eastern Front,78,2014
To End All Wars,71,2014
Runers,68,2014
Train Fever,67,2014
Hatoful Boyfriend,68,2014
Hack 'n' Slash,73,2014
The Guild Gold Edition,82,2002
Lethal League,82,2014
Bravada,70,2014
Haunted,76,2012
Risen 3 - Titan Lords,65,2014
Five Nights at Freddy's,78,2014
Chess 2: The Sequel,62,2014
King's Bounty: Dark Side,73,2014
Space Hack,63,2005
Back to Bed,57,2014
Pure Pool,68,2014
The Sun at Night,59,2014
Eidolon,64,2014
Pineview Drive,58,2014
Lovely Planet,61,2014
Unrest,65,2014
Gods Will Be Watching,64,2014
UnEpic,68,2014
Only If,39,2014
OlliOlli,78,2014
Medieval II: Total War Kingdoms,85,2014
So Many Me,78,2014
Blood: One Unit Whole Blood,82,1998
Blood II: The Chosen + Expansion,72,1998
Light,49,2014
Quest for Infamy,63,2014
Abyss Odyssey,69,2014
Wayward Manor,41,2014
A Vampyre Story,75,2008
Terrian Saga: KR-17,83,2014
Whispering Willows,64,2014
4PM,41,2014
Railroad Pioneer,50,2003
Meridian: New World,43,2014
Shadow Ops: Red Mercury,61,2004
Soldiers: Heroes of World War II,77,2004
Battleplan: American Civil War,66,2014
Echelon,70,2001
Shovel Knight: Treasure Trove,85,2014
GRID Autosport,78,2014
Crimsonland,68,2014
SPINTIRES‚Ñ¢,67,2014
Space Run,73,2014
The Incredible Adventures of Van Helsing II,77,2014
Qvadriga,72,2014
Rise of Nations: Extended Edition,89,2014
Concursion,66,2014
The Lost Crown,71,2008
Ionball 2: Ionstorm,70,2014
Freespace 2,91,2014
Crimzon Clover WORLD IGNITION,85,2014
Pandora: First Contact,68,2013
The Floor is Jelly,83,2014
Astebreed: Definitive Edition,86,2014
Salammb√¥: Battle for Carthage,77,2003
Wings Over Europe,62,2006
Murdered: Soul Suspect,59,2014
Bus Driver,61,2007
1001 Spikes,80,2014
Defiance,64,2014
Among the Sleep - Enhanced Edition,66,2017
Distant Worlds: Universe,81,2014
ibb & obb,83,2014
Watch_Dogs‚Ñ¢,77,2014
FINAL FANTASY III,68,2014
Panzer Tactics HD,69,2014
A Story About My Uncle,73,2014
Wolfenstein: The New Order,81,2014
Transistor,83,2014
The Last Door - Collector's Edition,79,2014
Flockers‚Ñ¢,66,2014
RollerCoaster Tycoon¬Æ 2: Triple Thrill Pack,74,2002
Always Sometimes Monsters,73,2014
DYNASTY WARRIORS 8: Xtreme Legends Complete Edition / Áúü„Éª‰∏âÂúãÁÑ°ÂèåÔºó with ÁåõÂ∞Ü‰ºù,71,2014
Memento Mori 2,65,2014
Iron Storm,69,2002
RUNNING WITH RIFLES,78,2015
Shadow Warrior (Classic),73,1997
Tesla Effect: A Tex Murphy Adventure,68,2014
The Impossible Game,64,2014
Al Emmo and the Lost Dutchman's Mine,77,2006
"Sir, You Are Being Hunted",63,2013
Eurofighter Typhoon,69,2001
DARK SOULS‚Ñ¢ II,91,2014
Daylight,51,2014
Child of Light,77,2014
Trials Fusion‚Ñ¢,80,2014
Rocko's Quest,41,2003
The Samaritan Paradox,75,2014
The Last Federation,72,2014
FRACT OSC,75,2014
Dracula 2: The Last Sanctuary,68,2001
Wargame: Red Dragon,78,2014
Descent 3,89,2014
Warlock 2: The Exiled,73,2014
Faces of War,67,2006
Praetorians,78,2003
Imperial Glory,69,2005
Black Mirror III,75,2011
Spate,61,2014
Moebius: Empire Rising,54,2014
Platformines,67,2014
Goat Simulator,62,2014
Gray Matter,72,2014
Escape Goat 2,76,2014
YAIBA: NINJA GAIDEN Z,49,2014
Expansion - Crusader Kings II: Rajas of India,80,2014
Ubersoldier II,62,2008
Call of Duty¬Æ: Ghosts,68,2014
Ether One,82,2014
Panzer Corps,80,2011
10 Second Ninja,72,2014
Nosferatu: The Wrath of Malachi,70,2003
Incoming Forces,67,2002
Year Walk,87,2014
Infested Planet,75,2014
Summoner,78,2001
Dragons and Titans,43,2014
Soulbringer,70,2000
Obscure,63,2005
Obscure II (Obscure: The Aftermath),59,2008
resident evil 4 / biohazard 4,79,2014
Thief,70,2014
Line Of Defense Tactics - Tactical Advantage,47,2014
Tower of Guns,76,2014
STRIDER‚Ñ¢ / „Çπ„Éà„É©„Ç§„ÉÄ„ÉºÈ£õÁ´ú¬Æ,78,2014
99 Levels To Hell,66,2014
Drunken Robot Pornography,66,2014
Journal,59,2014
FINAL FANTASY XIV Online,83,2014
FINAL FANTASY XIV Online Starter Edition,83,2013
Drox Operative,74,2012
MoonBase Commander,77,2002
Little Racers STREET,62,2014
Jazzpunk: Director's Cut,75,2014
Etherlords,77,2001
Etherlords II,78,2003
Loadout,72,2014
Might & Magic X - Legacy,70,2014
Original War,61,2001
Strike Vector,73,2014
Broken Age,73,2014
Blackguards,68,2014
Expansion - Europa Universalis IV: Conquest of Paradise,81,2014
The Banner Saga,80,2014
METAL GEAR RISING: REVENGEANCE,83,2014
Continue?9876543210,62,2014
Driftmoon,73,2013
UFO: Afterlight,71,2007
Dementium II HD,37,2013
Teslagrad,77,2013
Stick it to The Man!,83,2013
Violett Remastered,61,2013
Samurai Gunn,78,2013
NEO Scavenger,77,2014
Gomo,50,2013
Speedball 2 HD,53,2013
SteamWorld Dig,76,2013
Two Brothers,57,2013
Gas Guzzlers Extreme,73,2013
Redshirt,62,2013
Chivalry: Deadliest Warrior,69,2013
Deadfall Adventures,53,2013
X Rebirth,33,2013
Contrast,62,2013
Baldur's Gate II: Enhanced Edition,78,2013
Dungeonland,67,2013
Neighbours from Hell Compilation,69,2004
Final Exam,66,2013
Avadon 2: The Corruption,82,2013
Valdis Story: Abyssal City,83,2013
Sniper Elite: Nazi Zombie Army 2,53,2013
Ragnarok Online,79,2003
Earth 2150 Trilogy,78,2000
Journey of a Roach,65,2013
Battle Worlds: Kronos,71,2013
Stronghold HD,81,2001
Stronghold Crusader HD,78,2002
Eldritch,77,2013
LEGO¬Æ Marvel‚Ñ¢ Super Heroes,78,2013
Borderlands 2: Headhunter 1: Bloody Harvest,89,2013
Syder Arcade,76,2013
Defense Technica,63,2013
ENSLAVED‚Ñ¢: Odyssey to the West‚Ñ¢ Premium Edition,70,2013
NARUTO SHIPPUDEN: Ultimate Ninja STORM 3 Full Burst HD,80,2013
Batman‚Ñ¢: Arkham Origins,74,2013
Nihilumbra,75,2013
Tetrobot and Co.,72,2013
Democracy 3,70,2013
Megabyte Punch,69,2013
Shadow Warrior,73,2013
Giana Sisters: Twisted Dreams - Rise of the Owlverlord,84,2013
World War III: Black Gold,71,2001
World War II: Panzer Claws,61,2004
Septerra Core,72,1999
Rise of Venice,66,2013
The Inner World,72,2013
Arma Tactics,47,2013
Enclave,71,2003
Knock-knock,57,2013
Tactical Intervention,47,2013
Bionic Dues,71,2013
Air Conflicts: Vietnam,43,2013
Silent Storm Gold Edition,83,2004
Rise of Flight: Battle of Saint-Mihiel,77,2013
Rise of Flight: Birth of Warbirds,77,2013
Rise of Flight: Bloody April,77,2013
Rise of Flight: Ultimately the Best Fighter,77,2013
Rise of Flight: Furious Wings,77,2013
Rise of Flight United,77,2013
Rise of Flight: Legendary Bombers,77,2013
Amnesia: A Machine for Pigs,72,2013
Dominions 3: The Awakening,82,2013
Wizardry 8,85,2001
Arma 3,74,2013
Aarklash: Legacy,72,2013
Volgarr the Viking,76,2013
The Chaos Engine,40,2013
Memoria,79,2013
Total War‚Ñ¢: ROME II - Emperor Edition,76,2013
Rayman¬Æ Legends,89,2013
Gone Home,86,2013
Brothers - A Tale of Two Sons,90,2013
The Bureau: XCOM Declassified,66,2013
Saints Row IV,86,2013
Divekick,73,2013
Skullgirls,83,2013
Spelunky,90,2013
"Papers, Please",85,2013
Guacamelee! Gold Edition,88,2013
Europa Universalis IV,87,2013
Guncraft,73,2013
Hammerwatch,72,2013
Teleglitch: Die More Edition,78,2013
Super Splatters,73,2013
Rogue Legacy,85,2013
Storm,63,2013
TrackMania¬≤ Stadium,77,2013
Fist Puncher,73,2013
Hexodius,47,2013
Joe Danger 2: The Movie,82,2013
The Night of the Rabbit,75,2013
Cubetractor,75,2013
Wargame: Airland Battle,80,2013
Expeditions: Conquistador,77,2013
The Swapper,87,2013
Rising Storm Game of the Year Edition,82,2013
Fallen Enchantress: Legendary Heroes,80,2013
The Incredible Adventures of Van Helsing,72,2013
Skyward Collapse,64,2013
Element4l,77,2013
Call of Juarez¬Æ Gunslinger,79,2013
Gunpoint,83,2013
GRID 2,80,2013
System Shock 2,92,1999
Thunder Wolves,69,2013
Anomaly 2,77,2013
Strike Suit Infinity,66,2013
FEZ,91,2013
Far Cry 3 - Blood Dragon,81,2013
Monaco: What's Yours Is Mine,83,2013
Kairo,76,2013
Dyad,80,2013
Anna - Extended Edition,75,2013
La-Mulana,80,2013
Starseed Pilgrim,83,2013
Sacred Citadel,61,2013
Age of Empires II HD,68,2013
ShootMania Storm,76,2013
Dungeon Hearts,73,2013
Cities in Motion 2,72,2013
Warframe,69,2013
BioShock Infinite,94,2013
Shattered Haven,59,2013
Weird Worlds: Return to Infinite Space,79,2013
Sword of the Stars: The Pit,68,2012
Sniper: Ghost Warrior 2,52,2013
BIT.TRIP Presents... Runner2: Future Legend of Rhythm Alien,85,2013
TrackMania¬≤ Canyon,81,2011
Star Conflict,75,2013
Sniper Elite: Nazi Zombie Army,62,2013
Armada 2526 Gold Edition,66,2013
Tomb Raider,86,2013
The Showdown Effect,67,2013
Kentucky Route Zero,81,2013
The Bridge,74,2013
The Banner Saga: Factions,67,2013
Brutal Legend,80,2013
Bient√¥t l'√©t√©,62,2013
Impire,45,2013
Proteus,80,2013
Sonic & All-Stars Racing Transformed,79,2013
Antichamber,82,2013
"10,000,000",67,2013
Expansion - Crusader Kings II: The Republic,81,2013
Euro Truck Simulator 2,79,2013
Baldur's Gate: Enhanced Edition,78,2013
The Journey Down: Chapter One,72,2013
Waking Mars,79,2012
Dishonored: Dunwall City Trials,75,2012
Sword of the Stars II: Enhanced Edition,65,2012
Karateka,48,2012
Far Cry 3,88,2012
Super Hexagon,88,2012
LEGO The Lord of the Rings,80,2012
Miner Wars 2081,52,2012
Little Inferno,68,2012
Scribblenauts Unlimited,75,2012
Hitman: Absolution‚Ñ¢,79,2012
PlanetSide 2,84,2012
Assassin‚Äôs Creed¬Æ III,80,2012
Thomas Was Alone,77,2012
Clan of Champions,42,2012
Natural Selection 2,80,2012
Painkiller Hell & Damnation,64,2012
Pid,63,2012
Deadlight,78,2012
King's Bounty: Warriors of the North,74,2012
Lucius,59,2012
Chivalry: Medieval Warfare,79,2012
Mark of the Ninja,91,2012
Worms Revolution,73,2012
Of Orcs And Men,69,2012
Hell Yeah! Wrath of the Dead Rabbit,64,2012
McPixel,76,2012
Dishonored,91,2012
Half Minute Hero: Super Mega Neo Climax Ultimate Boy,75,2012
Sniper Elite V2 - The Neudorf Outpost Pack,66,2012
Dream Pinball 3D,61,2012
Torchlight II,88,2012
XCOM: Enemy Unknown,89,2012
Gateways,72,2012
Tryst,50,2012
FTL: Faster Than Light,84,2012
Borderlands 2,89,2012
Secret Files 3,67,2012
F1 2012‚Ñ¢,80,2012
Home,69,2012
Shad'O,68,2012
I Am Alive,66,2012
DARK SOULS‚Ñ¢: Prepare To Die‚Ñ¢ Edition,85,2012
Tiny Troopers,57,2012
Jagged Alliance: Crossfire,63,2012
They Bleed Pixels,74,2012
Snapshot,74,2012
Galactic Civilizations¬Æ I: Ultimate Edition,83,2012
Tower Wars,59,2012
Tales From Space: Mutant Blobs Attack,83,2012
Check vs Mate,69,2012
Thirty Flights of Loving,88,2012
Cannon Fodder 3,49,2012
Symphony,75,2012
Deponia,74,2012
Rigonauts,60,2012
Unmechanical,74,2012
Transcripted,78,2012
Awesomenauts - the 2D moba,78,2012
Resonance,76,2012
Orcs Must Die! 2,83,2012
Prototype 2,76,2012
Blacklight: Retribution,75,2012
Endless Space¬Æ - Collection,77,2012
Tiny and Big: Grandpa's Leftovers,75,2012
SpellForce 2: Faith in Destiny,55,2012
Fray: Reloaded Edition,27,2012
Magic: The Gathering - Duels of the Planeswalkers 2013,77,2012
Game of Thrones,58,2012
Spec Ops: The Line,76,2012
Sins of a Solar Empire¬Æ: Rebellion,82,2012
Iron Front: Digital War Edition,55,2012
Conflict Desert Storm‚Ñ¢,56,2002
Alan Wake's American Nightmare,73,2012
Thief‚Ñ¢ II: The Metal Age,87,2000
Batman: Arkham City - Game of the Year Edition,91,2012
Thief‚Ñ¢ Gold,92,1998
Botanicula,82,2012
Nexuiz,54,2012
Street Fighter X Tekken,79,2012
Offspring Fling!,79,2012
The Dream Machine: Chapter 1 & 2,75,2012
Sonic the Hedgehog 4 - Episode II,54,2012
MacGuffin's Curse,73,2012
Blades of Time,63,2012
Lone Survivor: The Director's Cut,81,2012
The Walking Dead,82,2012
Fireburst,59,2012
A Valley Without Wind,54,2012
Noitu Love 2: Devolution,80,2012
Warlock - Master of the Arcane,71,2012
Naval War: Arctic Circle,64,2012
Legend of Grimrock,82,2012
Stellar Impact,74,2012
Avernum: Escape From the Pit,76,2012
Men of War: Condemned Heroes,57,2012
The Witcher 2: Assassins of Kings Enhanced Edition,88,2011
Insanely Twisted Shadow Planet,76,2012
Deep Black: Reloaded,39,2012
Super MNC,76,2012
Sniper Elite V2,66,2012
Mount & Blade: Warband - Napoleonic Wars,83,2012
Fallen Earth Free2Play,71,2011
Wargame: European Escalation,81,2012
Stronghold Kingdoms,75,2012
Shank 2,72,2012
The Blackwell Legacy,80,2012
Blackwell Deception,73,2012
Evochron Mercenary,70,2012
Kingdoms of Amalur: Reckoning‚Ñ¢,81,2012
Unstoppable Gorg,73,2012
The Darkness II,77,2012
Crusader Kings Complete,73,2012
SOL: Exodus,57,2012
Age of Empires¬Æ III: Complete Collection,81,2009
LEGO Harry Potter: Years 5-7,80,2012
Choplifter HD,65,2012
EverQuest¬Æ II Free-To-Play. Your Way.‚Ñ¢,83,2011
Sideway‚Ñ¢ New York,71,2011
Saints Row: The Third,84,2011
Gemini Rue,82,2011
Global Ops: Commando Libya,37,2011
Renegade Ops,76,2011
Ignite,59,2011
Bloodline Champions,79,2011
Take On Helicopters,70,2011
inMomentum,59,2011
Lord of the Rings: War in the North,66,2011
Dungeon Defenders,81,2011
Worms Blast,73,2002
PAYDAY‚Ñ¢ The Heist,76,2011
Steel Storm: Burning Retribution,55,2011
RAGE,79,2011
Orcs Must Die!,83,2011
Might & Magic: Clash of Heroes,76,2011
Nuclear Dawn,71,2011
Dungeons - The Dark Lord,72,2011
Worms Ultimate Mayhem,66,2011
King Arthur: Fallen Champions,54,2011
Xotic,67,2011
F1 2011,83,2011
Bastion,86,2011
From Dust,76,2011
Avadon: The Black Fortress,75,2011
Chantelise - A Tale of Two Sisters,62,2011
Supreme Ruler: Cold War,63,2011
LIMBO,88,2011
Kohan: Ahriman's Gift,79,2001
Kohan: Immortal Sovereigns,87,2001
Kohan II: Kings of War,81,2004
Cossacks: European Wars,74,2001
Post Mortem,71,2002
American Conquest: Fight Back,66,2003
Robin Hood: The Legend of Sherwood,80,2002
American Conquest,76,2003
Cossacks: Art of War,74,2002
Cossacks II: Napoleonic Wars,73,2005
Cossacks II: Battle for Europe,69,2006
Achron,54,2011
Quake IV,81,2005
Trauma,62,2011
Critical Mass,81,2011
Cthulhu Saves the World,78,2011
Dungeons of Dredmor,79,2011
Trapped Dead,50,2011
Operation Flashpoint: Red River,67,2011
Red Faction¬Æ: Armageddon‚Ñ¢,75,2011
Pride of Nations,70,2011
Jamestown,81,2011
Vertex Dispenser,70,2011
Runaway: A Twist of Fate,79,2011
The Next BIG Thing,75,2011
Hector: Badge of Carnage - Full Series,75,2011
Yar's Revenge,56,2011
Capsized,80,2011
Universe Sandbox,83,2011
Mount & Blade: With Fire & Sword,68,2011
Section 8¬Æ: Prejudice‚Ñ¢,77,2011
The Tiny Bang Story,63,2011
Garshasp: The Monster Slayer,49,2011
Hydrophobia: Prophecy,64,2011
Lume,69,2011
Terraria,83,2011
BRINK,70,2011
Duels of the Planeswalkers Gold Deck Bundle,69,2011
Syberia II,80,2004
Syberia,82,2002
Naval Warfare,57,2011
Hearts of Iron III Semper Fi: Dies Irae G√∂tterd√§mmerung,65,2011
Fortix 2,74,2011
NightSky,78,2011
SpaceChem,84,2011
The Settlers 7: Paths to a Kingdom: Deluxe Gold Edition,79,2011
Atom Zombie Smasher,75,2011
Post Apocalyptic Mayhem,44,2011
Revenge of the Titans,79,2011
Assassin‚Äôs Creed¬Æ Brotherhood,88,2011
LEGO¬Æ Star Wars‚Ñ¢ III - The Clone Wars‚Ñ¢,76,2011
Theatre of War 3: Korea,49,2011
Shift 2 Unleashed,84,2011
HOARD,65,2011
Dungeon Siege,86,2002
Cities in Motion,70,2011
Men of War: Assault Squad,77,2011
CreaVures,55,2011
Painkiller Redemption,43,2011
Magicka,74,2011
Europa Universalis III: Divine Wind,71,2011
Bejeweled¬Æ 3,82,2010
RUSH,73,2010
Greed Corp,76,2010
Need For Speed: Hot Pursuit,86,2010
EVE Online,88,2003
Battlefield: Bad Company 2 Vietnam,86,2010
The UnderGarden,67,2010
Alien Breed 3: Descent,64,2010
Depths of Peril,79,2007
DeathSpank: Thongs of Virtue,78,2010
nail'd,69,2010
Dragon Age: Origins - Ultimate Edition,91,2010
Grand Theft Auto IV: Complete Edition,90,2010
Blood Bowl¬Æ Legendary Edition,73,2010
Bloody Good Time,73,2010
ArcaniA,63,2010
Dead Rising¬Æ 2,78,2010
Lost Horizon,77,2010
Front Mission Evolved,63,2010
Lara Croft and the Guardian of Light,82,2010
Borderlands: Claptrap's Robot Revolution,69,2010
Aura: Fate of the Ages,63,2004
Commander: Conquest of the Americas,68,2010
Alter Ego,59,2010
realMYST,66,1993
Sword of the Stars: Complete Collection,75,2008
Riven: The Sequel to MYST,83,1997
Hearts of Iron III: Semper Fi,65,2010
Prince of Persia: The Forgotten Sands‚Ñ¢,75,2010
Jolly Rover,71,2010
Sniper: Ghost Warrior,55,2010
The Guild II,61,2006
The Guild II - Pirates of the European Seas,63,2007
Puzzle Dimension,79,2010
Rig n Roll,61,2010
Theatre of War 2: Africa 1943,63,2009
Theatre of War,66,2007
Reign: Conflict of Nations,60,2010
Day of Defeat: Source,80,2010
Blacklight: Tango Down,65,2010
Chaser,66,2003
LEGO Harry Potter: Years 1-4,79,2010
Arma 2: Operation Arrowhead,73,2010
Singularity‚Ñ¢,76,2010
F.E.A.R.,88,2005
Tropico 3: Absolute Power,79,2010
Napoleon: Total War‚Ñ¢,81,2010
Borderlands: The Secret Armory of General Knoxx,86,2010
Dawn of Discovery‚Ñ¢: Venice,78,1999
Napoleon: Total War‚Ñ¢ Imperial Edition,81,2010
Battlefield: Bad Company‚Ñ¢ 2,87,2010
Supreme Commander 2,77,2010
Sonic & SEGA All-Stars Racing,65,2010
Assassin's Creed 2 Deluxe Edition,86,2010
Just Cause 2,84,2010
"Warhammer¬Æ 40,000: Dawn of War¬Æ II Chaos Rising",85,2010
Shatter,84,2010
Dragon Age‚Ñ¢: Origins Awakening,82,2010
Command & Conquer 4: Tiberian Twilight,64,2010
Dark Fall: Lost Souls,75,2010
Tom Clancy's Splinter Cell Conviction‚Ñ¢ Deluxe Edition,83,2010
Flotilla,72,2010
Sol Survivor,75,2010
Sherlock Holmes versus Jack the Ripper,73,2009
Nancy Drew¬Æ: Warnings at Waverly Academy,76,2010
Dark Void‚Ñ¢,57,2010
Bob Came in Pieces,73,2010
Mass Effect 2,94,2010
Hotel Giant 2,58,2010
Mass Effect 2 Digital Deluxe Edition,94,2010
Toki Tori,80,2010
Aliens vs. Predator‚Ñ¢,68,2010
BioShock¬Æ 2,88,2010
Lost Planet: Extreme Condition Colonies Edition,70,2010
S.T.A.L.K.E.R.: Call of Pripyat,80,2010
Galcon Fusion,68,2010
Left 4 Dead 2,89,2009
Gyromancer,71,2009
Ninja Blade,61,2009
Rogue Warrior,29,2009
King's Bounty: Armored Princess,82,2009
Broken Sword 3 - the Sleeping Dragon,82,2003
Gothic¬Æ 3,63,2006
Altitude,79,2009
Borderlands: The Zombie Island of Dr. Ned,84,2009
Nancy Drew¬Æ: The Haunted Carousel,85,2003
Nancy Drew¬Æ: Last Train to Blue Moon Canyon,77,2005
Nancy Drew¬Æ: Danger by Design,70,2006
Nancy Drew¬Æ: Secret of the Old Clock,80,2005
Nancy Drew¬Æ: Curse of Blackmoor Manor,81,2004
Nancy Drew¬Æ: Danger on Deception Island,81,2003
AI War: Fleet Command,80,2009
Elven Legacy: Ranger,68,2009
Borderlands,81,2009
Operation Flashpoint: Dragon Rising,76,2009
STAR WARS‚Ñ¢: The Clone Wars - Republic Heroes‚Ñ¢,46,2009
Lucidity‚Ñ¢,59,2009
Tropico 3,79,2009
Red Faction Guerrilla Steam Edition,82,2009
Resident Evil‚Ñ¢ 5/ Biohazard 5¬Æ,86,2009
Zuma's Revenge!,78,2009
STAR WARS‚Ñ¢ Jedi Knight: Dark Forces II,91,1997
STAR WARS‚Ñ¢ Jedi Knight II - Jedi Outcast‚Ñ¢,89,2003
STAR WARS‚Ñ¢ Jedi Knight - Jedi Academy‚Ñ¢,81,2003
Twin Sector,49,2009
Majesty 2,72,2009
Madballs in Babo:Invasion,79,2009
AaAaAA!!! - A Reckless Disregard for Gravity,81,2009
Quantz,67,2009
MDK 2,83,2000
Red Faction,78,2001
Sherlock Holmes: The Mystery of the Mummy,61,2008
Sherlock Holmes: The Silver Earring,68,2004
Sherlock Holmes: The Awakened - Remastered Edition,72,2008
Red Faction II,64,2003
Hearts of Iron III,77,2009
Batman: Arkham Asylum Game of the Year Edition,91,2010
Death to Spies: Moment of Truth,73,2009
Emerald City Confidential‚Ñ¢,71,2009
Mata Hari,63,2008
Nikopol: Secrets of the Immortals,68,2008
East India Company,67,2009
Sniper Elite,76,2005
Order of War‚Ñ¢,69,2009
"Nancy Drew¬Æ Dossier: Lights, Camera, Curses!",0,2008
Nancy Drew¬Æ: The Haunting of Castle Malloy,81,2009
STAR WARS‚Ñ¢ Starfighter‚Ñ¢,71,2002
STAR WARS‚Ñ¢ Republic Commando‚Ñ¢,78,2005
Supreme Ruler 2020 Gold,65,2008
Delta Force: Task Force Dagger,51,2002
Comanche 4,74,2001
Delta Force Land Warrior,74,2000
Delta Force ‚Äî Black Hawk Down: Team Sabre,0,2004
Delta Force: Black Hawk Down,77,2003
Delta Force: Xtreme,65,2005
Chronicles of Mystery: The Scorpio Ritual,62,2008
Delta Force Xtreme 2,0,2009
Evil Genius,75,2004
SPORE‚Ñ¢ Galactic Adventures,70,2009
Arma 2,77,2009
Trine Enchanted Edition,80,2009
Overlord II,79,2009
Dawn of Discovery‚Ñ¢,82,2009
Ankh 3: Battle of the Gods,0,2009
Crayon Physics Deluxe,79,2009
Men of War‚Ñ¢,80,2009
Tunnel Rats,30,2009
Killing Floor,72,2009
NecroVision,63,2009
Damnation,41,2009
Restaurant Empire II,64,2009
Battlestations Pacific,74,2009
Velvet Assassin,61,2009
Plants vs. Zombies GOTY Edition,87,2009
Legend - Hand of God,57,2008
Dark Sector,66,2009
And Yet It Moves,75,2009
Judge Dredd: Dredd vs. Death,55,2005
Elven Legacy,71,2009
Company of Heroes: Tales of Valor,70,2009
Flock!,65,2009
Braid,90,2009
Raycatcher,0,2009
Amazing Adventures Around the World,0,2008
Drug Wars,35,2009
The Path,79,2009
Mevo and The Grooveriders,0,2009
Eschalon: Book I,75,2007
Spectromancer,0,2008
Hospital Tycoon,51,2007
Perimeter 2: New Earth,43,2009
Tom Clancy's Splinter Cell Double Agent¬Æ,80,2006
Maelstrom: The Battle for Earth Begins,58,2007
Driver¬Æ Parallel Lines,61,2007
Europa Universalis: Rome - Gold Edition,79,2008
"Warhammer 40,000: Dawn of War II",85,2009
Empire: Total War‚Ñ¢,90,2009
Dangerous High School Girls in Trouble!‚Ñ¢,81,2008
Puzzle Quest: Galactrix,72,2009
SlamIt Pinball Big Score,0,2009
Tom Clancy's EndWar‚Ñ¢,68,2009
The Last Remnant‚Ñ¢,66,2009
Grand Ages: Rome,72,2009
Hearts of Iron 2 Complete,83,2006
Penumbra: Black Plague Gold Edition,78,2009
Monster Trucks Nitro,0,2009
Europa Universalis III Complete,83,2007
Fallout 3,91,2008
Exodus from the Earth,0,2008
Samantha Swift and the Hidden Roses of Athena,0,2008
Starscape,0,2003
Mount & Blade,72,2008
Silent Hill Homecoming,64,2008
"Precipice of Darkness, Episode Two",0,2008
Mr. Robot,83,2007
Pyroblazer¬Æ,0,2008
7 Wonders: Treasures of Seven,0,2008
Left 4 Dead,89,2008
Call of Duty: World at War,83,2008
Bejeweled Twist,78,2008
Mosby's Confederacy,0,2008
Tomb Raider: Underworld,80,2008
Prince of Persia: The Two Thrones‚Ñ¢,85,2005
Prince of Persia: Warrior Within‚Ñ¢,83,2004
Prince of Persia¬Æ: The Sands of Time,89,2003
Crazy Machines,78,2005
Prince of Persia¬Æ,82,2008
Crazy Machines 1.5,78,2005
Aquaria,82,2007
Need for Speed Undercover,65,2008
Penguins Arena: Sedna's World,0,2008
Strong Bad's Cool Game for Attractive People: Season 1,82,2008
Mass Effect,89,2008
SPORE‚Ñ¢ Creepy & Cute Parts Pack,0,2008
SPORE‚Ñ¢,84,2008
Imperium Romanum Gold Edition,63,2008
Project Aftermath,0,2008
Crazy Machines 2,72,2008
Pacific Storm,67,2006
Insecticide Part 1,65,2008
Jack Keane,69,2008
Sacred Gold,74,2006
Children of the Nile: Enhanced Edition,75,2008
Tom Clancy's Ghost Recon¬Æ Desert Siege‚Ñ¢,82,2002
Tom Clancy's Ghost Recon¬Æ,80,2001
Tom Clancy's Ghost Recon¬Æ Island Thunder‚Ñ¢,82,2002
Planet Busters,0,2008
Silverfall: Earth Awakening,0,2008
The Settlers¬Æ: Heritage of Kings,58,2005
Discovery! A Seek and Find Adventure,0,2008
TrackMania Nations Forever,0,2008
Assassin's Creed‚Ñ¢: Director's Cut Edition,79,2008
Tom Clancy's Rainbow Six¬Æ Vegas 2,78,2008
Trackmania United Forever Star Edition,80,2008
LUMINES‚Ñ¢,74,2008
Portal,90,2007
Cold Fear‚Ñ¢,66,2005
Tom Clancy's Rainbow Six Lockdown‚Ñ¢,59,2006
Heroes of Might & Magic V,77,2006
Brothers in Arms: Road to Hill 30‚Ñ¢,87,2005
Sam & Max 203: Night of the Raving Dead,79,2008
Sam & Max 205: What&#146;s New Beelzebub?,0,2008
Sam & Max 202: Moai Better Blues,80,2008
Sam & Max 201: Ice Station Santa,82,2007
Sam & Max: Season Two,82,2008
Sam & Max 204: Chariots of the Dogs,85,2008
"Precipice of Darkness, Episode One",0,2008
Trials 2: Second Edition,0,2008
Darkstar One,71,2006
Shadowgrounds Survivor,79,2007
Frontlines‚Ñ¢: Fuel of War‚Ñ¢,73,2008
The Club‚Ñ¢,67,2008
Safecracker: The Ultimate Puzzle Adventure,69,2006
RACE 07,83,2007
Nexus - The Jupiter Incident,77,2004
Full Spectrum Warrior: Ten Hammers,70,2006
Full Spectrum Warrior,80,2004
Civilization IV: Beyond the Sword,86,2007
Company of Heroes - Legacy Edition,93,2006
Gish,80,2004
DOOM 3,87,2004
DOOM 3 Resurrection of Evil,78,2005
QUAKE III: Team Arena,69,2000
Team Fortress 2,92,2007
Half-Life 2: Episode Two,90,2007
Painkiller Overdose,65,2007
Alpha Prime,59,2007
Loki,61,2007
Call of Juarez‚Ñ¢,72,2007
Medieval II: Total War‚Ñ¢ Kingdoms,85,2007
Call of Duty¬Æ 4: Modern Warfare¬Æ,92,2007
Kane and Lynch: Dead Men‚Ñ¢,67,2007
Geometry Wars: Retro Evolved,76,2007
Commandos 3: Destination Berlin,72,2003
Just Cause,75,2006
Hitman: Codename 47,73,2000
Hitman 2: Silent Assassin,87,2002
Battlestations: Midway,76,2007
Commandos 2: Men of Courage,87,2002
Hitman: Blood Money,82,2006
Vampire: The Masquerade - Bloodlines,80,2004
S.T.A.L.K.E.R.: Shadow of Chernobyl,82,2007
Joint Task Force,68,2006
Thief: Deadly Shadows,85,2004
Deus Ex: Game of the Year Edition,90,2000
Deus Ex: Invisible War,80,2004
Rogue Trooper,69,2006
Project: Snowblind,76,2005
Jade Empire‚Ñ¢: Special Edition,81,2007
Silverfall,62,2007
Making History: The Calm & the Storm,70,2007
"Runaway, A Road Adventure",74,2003
"Runaway, The Dream of The Turtle",0,2007
Call of Duty¬Æ,91,2003
Psychonauts,87,2005
GUN‚Ñ¢,76,2005
Call of Duty¬Æ 2,86,2005
Call of Duty: United Offensive,87,2004
Space Empires V,68,2006
Sid Meier's Civilization¬Æ III Complete,90,2001
Shattered Union,67,2005
Sid Meier's Civilization¬Æ IV,94,2005
Sub Command,84,2001
BloodRayne 2,67,2005
RoboBlitz,80,2006
Medieval II: Total War‚Ñ¢,88,2006
Heroes of Annihilated Empires,65,2006
Project Earth,67,2017
Counter-Strike: Source,88,2004
Half-Life 2,96,2004
Sid Meier's Pirates!,88,2005
Darwinia,84,2005
Rag Doll Kung Fu,69,2005
Dungeon Siege II,80,2005
Red Orchestra: Ostfront 41-45,81,2006
Space Empires IV Deluxe,79,2006
Dangerous Waters,82,2006
Earth 2160,73,2006
Shadowgrounds,74,2006
Half-Life 2: Episode One,87,2006
SiN Episodes: Emergence,75,2006
X3: Reunion,71,2005
X2: The Threat,72,2003
Iron Warriors: T - 72 Tank Command,56,2006
Uplink,75,2006
Xpand Rally,82,2006
Dark Messiah of Might & Magic,72,2006
Counter-Strike,88,2000
Gothic 1,81,2001
Half-Life: Blue Shift,71,2001
Mafia,88,2002
Day of Defeat,79,2003
Unreal Tournament 2004: Editor's Choice Edition,93,2004
Counter-Strike: Condition Zero,65,2004
